name,lat,lon,category
condo0,1.34459023124875,103.8789274989,condo
condo1,1.27728558824322,103.793122156661,condo
condo2,1.31327502508264,103.798544391395,condo
condo3,1.37871453246915,103.903125576064,condo
condo4,1.36790432910871,103.8683366038,condo
condo5,1.36160690195093,103.890029372368,condo
condo6,1.31325209714281,103.842968064456,condo
condo7,1.27649447910994,103.830542939595,condo
condo8,1.32172074181357,103.812044320123,condo
condo9,1.35039657607709,103.880230544693,condo
condo10,1.32462194319897,103.849957588255,condo
condo11,1.2956665859268,103.82885975081,condo
condo12,1.3169119711607,103.826733455519,condo
condo13,1.27866845329676,103.787767087156,condo
condo14,1.31819899592367,103.848906082215,condo
condo15,1.3139838637399,103.91444563651,condo
condo16,1.31968768006034,103.752699363733,condo
condo17,1.32235926711929,103.954741499799,condo
condo18,1.29394858976016,103.868070044794,condo
condo19,1.3160878054443,103.946112888683,condo
condo20,1.27661641863168,103.857175083123,condo
condo21,1.37007517956729,103.827677980584,condo
condo22,1.44312698059643,103.827121479812,condo
condo23,1.31473143131445,103.906909758761,condo
condo24,1.29886131925695,103.898522862752,condo
condo25,1.30474390810361,103.784846499322,condo
condo26,1.3123178474915,103.883532317959,condo
condo27,1.35639824853602,103.96773406082,condo
condo28,1.3155408286545,103.818699963699,condo
condo29,1.32791217152286,103.863187561929,condo
condo30,1.32816257852966,103.908443327003,condo
condo31,1.30137638010264,103.898166752118,condo
condo32,1.29595825548386,103.82671548586,condo
condo33,1.31251589201217,103.899013307424,condo
condo34,1.33881019635958,103.883036330141,condo
condo35,1.31138841261308,103.832182029022,condo
condo36,1.39595291069106,103.8815041411,condo
condo37,1.32242172407521,103.848172032797,condo
condo38,1.36396358971437,103.880587133601,condo
condo39,1.32423340916268,103.864556003087,condo
condo40,1.2908847377725,103.774319608719,condo
condo41,1.35435133753441,103.866734472157,condo
condo42,1.35590905178528,103.76073531599,condo
condo43,1.30400047956478,103.839592987726,condo
condo44,1.34710741271184,103.879975620168,condo
condo45,1.36737131442731,103.890223540921,condo
condo46,1.2990925168201,103.886394172271,condo
condo47,1.3022955707661,103.789208241219,condo
condo48,1.32716989679005,103.849435590944,condo
condo49,1.28156004152174,103.785709595421,condo
condo50,1.36560719087225,103.77211278179,condo
condo51,1.27389076775628,103.807900337544,condo
condo52,1.29823105071511,103.842169287766,condo
condo53,1.32672666436714,103.84968009627,condo
condo54,1.29538639198638,103.835849138309,condo
condo55,1.31118326203664,103.830851088307,condo
condo56,1.24174861334108,103.838842278019,condo
condo57,1.31318382679314,103.886469505104,condo
condo58,1.3174353531319,103.910838016448,condo
condo59,1.32394848458334,103.912668070911,condo
condo60,1.35595584509131,103.761669162181,condo
condo61,1.31602164556244,103.94567558931,condo
condo62,1.30741535240087,103.83971731014,condo
condo63,1.28264736511971,103.783023154032,condo
condo64,1.31583675363618,103.892746648427,condo
condo65,1.31642525645375,103.904810533859,condo
condo66,1.32005187342709,103.852519734445,condo
condo67,1.32840203522441,103.90860634862,condo
condo68,1.29520286174263,103.836921549212,condo
condo69,1.31360187547893,103.91220370573,condo
condo70,1.40401019766297,103.817509968397,condo
condo71,1.31388177226647,103.883274426427,condo
condo72,1.30378097367831,103.905465982943,condo
condo73,1.3107158736674,103.91510862562,condo
condo74,1.31591931917753,103.942303036419,condo
condo75,1.34201272078881,103.683312109507,condo
condo76,1.31107092788673,103.892415269833,condo
condo77,1.39175181491889,103.904254875951,condo
condo78,1.28053749822744,103.788534128918,condo
condo79,1.35845380457902,103.767487304038,condo
condo80,1.2998091733077,103.846962853661,condo
condo81,1.36583036322451,103.828604372407,condo
condo82,1.34880402007706,103.925767225328,condo
condo83,1.33321343691728,103.871203224731,condo
condo84,1.31852861115375,103.950461305573,condo
condo85,1.31259475279896,103.907889140249,condo
condo86,1.23978494620582,103.83727712151,condo
condo87,1.31094521852726,103.882721097721,condo
condo88,1.32640299982338,103.848659877472,condo
condo89,1.31431777216437,103.90200952862,condo
condo90,1.36099908465504,103.878765486537,condo
condo91,1.35823032280321,103.965573132382,condo
condo92,1.29905394548315,103.899416943562,condo
condo93,1.3410912750043,103.88145756434,condo
condo94,1.32456020379876,103.807057027769,condo
condo95,1.34185040635726,103.956113471357,condo
condo96,1.4345374303698,103.844831194221,condo
condo97,1.31049636845377,103.802392230378,condo
condo98,1.32594687231998,103.850839479307,condo
condo99,1.24297424636053,103.839164641252,condo
condo100,1.36727709259952,103.876501360155,condo
condo101,1.31356949026847,103.910650977421,condo
condo102,1.31608941426119,103.838579797187,condo
condo103,1.35778430325026,103.882565934846,condo
condo104,1.30963955864522,103.909443205926,condo
condo105,1.35986735718564,103.877423098448,condo
condo106,1.29294488391215,103.840702054687,condo
condo107,1.32290510804328,103.758685588343,condo
condo108,1.34948896622805,103.877711240773,condo
condo109,1.3979533737844,103.873344203729,condo
condo110,1.31492241285227,103.844843392551,condo
condo111,1.35014992973273,103.88306233961,condo
condo112,1.32408289110494,103.85062927516,condo
condo113,1.34827951654326,103.871668377219,condo
condo114,1.32014976000227,103.822712105555,condo
condo115,1.33419193367473,103.758845576093,condo
condo116,1.32788175789822,103.766813263949,condo
condo117,1.30570969876777,103.82446382138,condo
condo118,1.3109107527057,103.900155393422,condo
condo119,1.35134266244518,103.756683680517,condo
condo120,1.31508479331837,103.842813069518,condo
condo121,1.31353233527505,103.804996735084,condo
condo122,1.28674116675747,103.780149097748,condo
condo123,1.32027552345902,103.954833082378,condo
condo124,1.30900345657234,103.84185340188,condo
condo125,1.31765462879831,103.836535043005,condo
condo126,1.31502432605995,103.826570312809,condo
condo127,1.33121499776718,103.741873113544,condo
condo128,1.31136807031033,103.89476676733,condo
condo129,1.31324355521211,103.830181342875,condo
condo130,1.32553668245596,103.838315140395,condo
condo131,1.36224150337995,103.878014692236,condo
condo132,1.30548937473146,103.907426569866,condo
condo133,1.3146349577614,103.903604909248,condo
condo134,1.33563399451561,103.869144076835,condo
condo135,1.3030109404897,103.838718322482,condo
condo136,1.31374461098387,103.936052006289,condo
condo137,1.30844090346115,103.801929438373,condo
condo138,1.31760861676838,103.913776798528,condo
condo139,1.29679910840731,103.83459713454,condo
condo140,1.29953088366934,103.899817468941,condo
condo141,1.31835145049718,103.910978671222,condo
condo142,1.32999513668172,103.811623198198,condo
condo143,1.3109120977357,103.804642295068,condo
condo144,1.3142270612182,103.88326759779,condo
condo145,1.29752024517663,103.80333216638,condo
condo146,1.3249454636451,103.932366806338,condo
condo147,1.31126561633996,103.909482237087,condo
condo148,1.31308952252541,103.877404321963,condo
condo149,1.29898398400724,103.834268439755,condo
condo150,1.29474522456387,103.768164598257,condo
condo151,1.3109816423988,103.893188389798,condo
condo152,1.28416577731538,103.829816710958,condo
condo153,1.36101771299356,103.765574316514,condo
condo154,1.42462147471379,103.82489908534,condo
condo155,1.31853119632694,103.911298335327,condo
condo156,1.34342036064538,103.87865319723,condo
condo157,1.32771861428245,103.846855352744,condo
condo158,1.31492827462524,103.905580887804,condo
condo159,1.3173449231304,103.780979000295,condo
condo160,1.29811494062684,103.887990324645,condo
condo161,1.31536955463919,103.776942592447,condo
condo162,1.45600894690582,103.836981971114,condo
condo163,1.28273907583061,103.784814036453,condo
condo164,1.31489095859612,103.907792137947,condo
condo165,1.29602981016717,103.82855385728,condo
condo166,1.30252103215856,103.848368211637,condo
condo167,1.29060694545576,103.817866920135,condo
condo168,1.33033787813249,103.840265901546,condo
condo169,1.29622207844163,103.82908544855,condo
condo170,1.33924560642212,103.869770060845,condo
condo171,1.31404425678498,103.841922909924,condo
condo172,1.29829067681172,103.833377647901,condo
condo173,1.37750076552963,103.959420693377,condo
condo174,1.29451193637718,103.826758235545,condo
condo175,1.42477003544273,103.848053591909,condo
condo176,1.36529442663066,103.87494964691,condo
condo177,1.34409382685536,103.867487235831,condo
condo178,1.31269286351102,103.91441930412,condo
condo179,1.31572120937619,103.888837131268,condo
condo180,1.31770229019936,103.774441002367,condo
condo181,1.31253129900962,103.888139939124,condo
condo182,1.31809073406194,103.831076582966,condo
condo183,1.32553401753237,103.86549809331,condo
condo184,1.31044101002298,103.806375878889,condo
condo185,1.31290426949308,103.903549123093,condo
condo186,1.30317974470181,103.827666227705,condo
condo187,1.30303635048621,103.898813054006,condo
condo188,1.32771900350227,103.867508708943,condo
condo189,1.30506975227221,103.821463236807,condo
condo190,1.32479229453516,103.85012690661,condo
condo191,1.30948276318529,103.911720115974,condo
condo192,1.29008339576408,103.839199219609,condo
condo193,1.36410574565492,103.763670992519,condo
condo194,1.31073730302078,103.919878702817,condo
condo195,1.33315148879487,103.78480165429,condo
condo196,1.33521989433288,103.7818413386,condo
condo197,1.31717253191527,103.911127649026,condo
condo198,1.31345709214795,103.886467318231,condo
condo199,1.3522029527063,103.880173191904,condo
condo200,1.34197293873428,103.882635407026,condo
condo201,1.29423111118019,103.825834609771,condo
condo202,1.35348082277147,103.878828134896,condo
condo203,1.30983669240885,103.877503215165,condo
condo204,1.2927264240571,103.833230428048,condo
condo205,1.31797271874983,103.888778294506,condo
condo206,1.26625830660217,103.810803288694,condo
condo207,1.33735977355321,103.851197793444,condo
condo208,1.29812444550056,103.834066449377,condo
condo209,1.31814997971255,103.912189356489,condo
condo210,1.30535121238071,103.788347370864,condo
condo211,1.30768595251898,103.830185347453,condo
condo212,1.29850482255037,103.825566227543,condo
condo213,1.30712053650072,103.904430853105,condo
condo214,1.34458172465993,103.769317249406,condo
condo215,1.36862891294021,103.876930253453,condo
condo216,1.34989702815562,103.84017551079,condo
condo217,1.34222723540446,103.769756933042,condo
condo218,1.30441672235897,103.784278626735,condo
condo219,1.31577493252134,103.945189532444,condo
condo220,1.34366958875438,103.869789827423,condo
condo221,1.32758458776964,103.907691468201,condo
condo222,1.32813009986287,103.943753344958,condo
condo223,1.3249477928719,103.805704361472,condo
condo224,1.3186903015874,103.906159705703,condo
condo225,1.32626870727644,103.866142673614,condo
condo226,1.34513697879955,103.725971213636,condo
condo227,1.36365700164603,103.885033559983,condo
condo228,1.31230752039196,103.934927867972,condo
condo229,1.30930458520869,103.879851001095,condo
condo230,1.31786521916555,103.903967184717,condo
condo231,1.27918151826735,103.789146426568,condo
condo232,1.29644995684098,103.834439535286,condo
condo233,1.30921416741461,103.830896261502,condo
condo234,1.31953328897071,103.84662602278,condo
condo235,1.31225903171368,103.893139764788,condo
condo236,1.30883140284246,103.899297773899,condo
condo237,1.35707968895277,103.76116513308,condo
condo238,1.31350017106513,103.849977133757,condo
condo239,1.36506478537527,103.874235543221,condo
condo240,1.31384957032818,103.938098437733,condo
condo241,1.32164023627263,103.913193476299,condo
condo242,1.31330407235279,103.883168652332,condo
condo243,1.32943069562467,103.867357251861,condo
condo244,1.34266612648188,103.72016090709,condo
condo245,1.29317347613803,103.828577644837,condo
condo246,1.3115742491255,103.885828118166,condo
condo247,1.32582666764496,103.851857517192,condo
condo248,1.33917169739151,103.780127443358,condo
condo249,1.30047337304007,103.899912358551,condo
condo250,1.29434105060757,103.828440282424,condo
condo251,1.31431352471873,103.843752986119,condo
condo252,1.33143049540259,103.79500253329,condo
condo253,1.29054692058657,103.774606037683,condo
condo254,1.33960376137129,103.883626101948,condo
condo255,1.30809356579841,103.84213845629,condo
condo256,1.31337005210124,103.914756218153,condo
condo257,1.28225513828498,103.852615142196,condo
condo258,1.31255760997324,103.912955503031,condo
condo259,1.39202430708237,103.896214703952,condo
condo260,1.32733516756517,103.843323869087,condo
condo261,1.32496457628748,103.932948087606,condo
condo262,1.29667816988467,103.828064524297,condo
condo263,1.34861038548704,103.960563721864,condo
condo264,1.30607106358035,103.910174268952,condo
condo265,1.34962200959648,103.878601122941,condo
condo266,1.27342074069167,103.837938952301,condo
condo267,1.37305038178647,103.902039407109,condo
condo268,1.32526608685309,103.811987550207,condo
condo269,1.28004529331829,103.840358673254,condo
condo270,1.30096741677905,103.817531028185,condo
condo271,1.35104259761342,103.840822496926,condo
condo272,1.37539461653531,103.762846422961,condo
condo273,1.3564322659845,103.827926805238,condo
condo274,1.33635020452029,103.869069780066,condo
condo275,1.31627726515293,103.904948742515,condo
condo276,1.28492061604382,103.833785775152,condo
condo277,1.29111208915593,103.837821344301,condo
condo278,1.3875669161691,103.875968350817,condo
condo279,1.32189602855264,103.909352749897,condo
condo280,1.30263019519208,103.847335558738,condo
condo281,1.30545229899916,103.886355297419,condo
condo282,1.24651353240058,103.843064318949,condo
condo283,1.3068284323365,103.888972825423,condo
condo284,1.31345702010153,103.843482486581,condo
condo285,1.29473553604742,103.818989337771,condo
condo286,1.35530904178242,103.887857183262,condo
condo287,1.29662403708868,103.874304548932,condo
condo288,1.30612102972864,103.903911457935,condo
condo289,1.31422886617289,103.889105555372,condo
condo290,1.29676971721771,103.887997955295,condo
condo291,1.32820429821077,103.945275834429,condo
condo292,1.30861976742054,103.922549441249,condo
condo293,1.29593645811863,103.829849815157,condo
condo294,1.34157892837376,103.765804415239,condo
condo295,1.30971430274572,103.908496424321,condo
condo296,1.30649466682442,103.902559416694,condo
condo297,1.29221386678277,103.840829416295,condo
condo298,1.37618763070578,103.75665967456,condo
condo299,1.31743915158967,103.807379214161,condo
condo300,1.31141631082382,103.905338016729,condo
condo301,1.29661070295127,103.838583743882,condo
condo302,1.31184221477958,103.894784770422,condo
condo303,1.31092116730954,103.861530443441,condo
condo304,1.35300694648761,103.757787439927,condo
condo305,1.31609273339964,103.901682588357,condo
condo306,1.30747559245641,103.918109149044,condo
condo307,1.31670861764983,103.828357677349,condo
condo308,1.31318091815404,103.847805816417,condo
condo309,1.31606027614435,103.905221925833,condo
condo310,1.31604984125525,103.89022478259,condo
condo311,1.2947159593345,103.840051167364,condo
condo312,1.30981878209749,103.852299645522,condo
condo313,1.32494988058305,103.852604556459,condo
condo314,1.34560719747232,103.882695128109,condo
condo315,1.33126778578604,103.793996549226,condo
condo316,1.36497584742043,103.896809883055,condo
condo317,1.30641753986541,103.899438706866,condo
condo318,1.31148566390691,103.806545212436,condo
condo319,1.31503287559433,103.777257042068,condo
condo320,1.29254381129197,103.824798256849,condo
condo321,1.30691037082483,103.820682699525,condo
condo322,1.34623540384161,103.8796434622,condo
condo323,1.31752143815241,103.891475654733,condo
condo324,1.31288444198327,103.888327290325,condo
condo325,1.32522289753749,103.813021562629,condo
condo326,1.31300573513567,103.913361293242,condo
condo327,1.28186096037926,103.830562111061,condo
condo328,1.35774491626754,103.758749934018,condo
condo329,1.31128760423171,103.876285896427,condo
condo330,1.32987172823927,103.86781164675,condo
condo331,1.31601025404321,103.842350128566,condo
condo332,1.29254676613378,103.8216905172,condo
condo333,1.34720275740571,103.724501217493,condo
condo334,1.3228050883097,103.841988144064,condo
condo335,1.40412109704251,103.821216664817,condo
condo336,1.32901649945606,103.869623660041,condo
condo337,1.31257730599051,103.79835625246,condo
condo338,1.29916779999053,103.83342756799,condo
condo339,1.29825336861688,103.856349395857,condo
condo340,1.31455987673983,103.828545131098,condo
condo341,1.35942538111065,103.879986404947,condo
condo342,1.29962978981916,103.898114344383,condo
condo343,1.31804857228919,103.910666945522,condo
condo344,1.31353535987581,103.882362870576,condo
condo345,1.31333227997331,103.84985380736,condo
condo346,1.3136409737288,103.903696527312,condo
condo347,1.34917999877806,103.878657712313,condo
condo348,1.33094007818141,103.945272654285,condo
condo349,1.3141912983094,103.891500511011,condo
condo350,1.31346564994475,103.93142655093,condo
condo351,1.31619304558069,103.829003665038,condo
condo352,1.32322945510697,103.852929261304,condo
condo353,1.31374267236126,103.904359283897,condo
condo354,1.33067325977266,103.867454592316,condo
condo355,1.31325655317781,103.87893900947,condo
condo356,1.31431580944403,103.9036634713,condo
condo357,1.30972321585123,103.90970804035,condo
condo358,1.31132803943669,103.909777027174,condo
condo359,1.31400655260741,103.884015328938,condo
condo360,1.38377235597759,103.834969325119,condo
condo361,1.31532312585557,103.843055868846,condo
condo362,1.29670678283697,103.893004684126,condo
condo363,1.30995539026609,103.89532041072,condo
condo364,1.34412954924506,103.870326858057,condo
condo365,1.3227032275952,103.84135056861,condo
condo366,1.31251913196043,103.886828709603,condo
condo367,1.31369637031522,103.843607422065,condo
condo368,1.34523265795055,103.879382616118,condo
condo369,1.29475248854453,103.831355751391,condo
condo370,1.29787108350456,103.835056333202,condo
condo371,1.31834790391547,103.826065500218,condo
condo372,1.29199068816713,103.764733898781,condo
condo373,1.33578824239071,103.725593746553,condo
condo374,1.31483629325537,103.831578486871,condo
condo375,1.36681602451064,103.890899478682,condo
condo376,1.31617069438253,103.847420665237,condo
condo377,1.29565503085263,103.827070437349,condo
condo378,1.3608026678991,103.875018955207,condo
condo379,1.35812468915356,103.749065147205,condo
condo380,1.30786230935446,103.815968985211,condo
condo381,1.30713496275586,103.904957655411,condo
condo382,1.31005783724773,103.91548310029,condo
condo383,1.37073588285709,103.895120805047,condo
condo384,1.31105205303883,103.872811866498,condo
condo385,1.3382457147678,103.936210117248,condo
condo386,1.32070065096209,103.956921625801,condo
condo387,1.3317758150305,103.946201241591,condo
condo388,1.3937596396214,103.881144437617,condo
condo389,1.34858741668021,103.867524716657,condo
condo390,1.32242229055037,103.852590390225,condo
condo391,1.24374601223412,103.842511120506,condo
condo392,1.32920617249191,103.868121237592,condo
condo393,1.33405738767157,103.783567190752,condo
condo394,1.29056999681587,103.819000781728,condo
condo395,1.31407172413974,103.907820631927,condo
condo396,1.35469895424795,103.878329825749,condo
condo397,1.32010701731526,103.82397812475,condo
condo398,1.35490484651228,103.875717809943,condo
condo399,1.30414392147877,103.903040922862,condo
condo400,1.31742494084104,103.910444979932,condo
condo401,1.32188081945719,103.946623660377,condo
condo402,1.2812613665939,103.784653411147,condo
condo403,1.35676800402302,103.876689634317,condo
condo404,1.32751668761838,103.842603758766,condo
condo405,1.3620994674031,103.886835430404,condo
condo406,1.29563102657533,103.841615089993,condo
condo407,1.32798732117053,103.862540519298,condo
condo408,1.29155320677629,103.844671834054,condo
condo409,1.31371862266175,103.886588867863,condo
condo410,1.36475888333025,103.773547196813,condo
condo411,1.31166297790982,103.821882516747,condo
condo412,1.31167742470116,103.890523888329,condo
condo413,1.35765733124624,103.877033725045,condo
condo414,1.35336633955725,103.754920517536,condo
condo415,1.30434010161975,103.910387227881,condo
condo416,1.34054847886549,103.773649129593,condo
condo417,1.31152961287463,103.933508200344,condo
condo418,1.31489027644596,103.832928141724,condo
condo419,1.29632245359379,103.840086255046,condo
condo420,1.42728727458399,103.786050332413,condo
condo421,1.31003444599099,103.893748167258,condo
condo422,1.30862818277128,103.9135193784,condo
condo423,1.31514147457982,103.888042831488,condo
condo424,1.30666665433205,103.911398464222,condo
condo425,1.35713586866266,103.827049193083,condo
condo426,1.27946304467549,103.816177229866,condo
condo427,1.30083818355869,103.84888070239,condo
condo428,1.30280719548036,103.848840359826,condo
condo429,1.32063437606503,103.83351207863,condo
condo430,1.33748572319326,103.930157734494,condo
condo431,1.31525716426833,103.844513119763,condo
condo432,1.37349863800841,103.764142243891,condo
condo433,1.31548625190694,103.905442615417,condo
condo434,1.26372399980548,103.812189999971,condo
condo435,1.35665447059553,103.828736711218,condo
condo436,1.29728166021583,103.834690606647,condo
condo437,1.27468927785411,103.842478784985,condo
condo438,1.33784148223452,103.864199228389,condo
condo439,1.31669304380828,103.9141414281,condo
condo440,1.31178808445845,103.801494166699,condo
condo441,1.31716428418747,103.827058446439,condo
condo442,1.30070393376469,103.861861081342,condo
condo443,1.3257493113403,103.882621861308,condo
condo444,1.30820970588592,103.89867287524,condo
condo445,1.36189921422964,103.87861280778,condo
condo446,1.30579942993543,103.833074706219,condo
condo447,1.3099817921347,103.852952005462,condo
condo448,1.35563325212442,103.858817438671,condo
condo449,1.31293789129591,103.91205074521,condo
condo450,1.36289802477235,103.879106446851,condo
condo451,1.3048442270371,103.839705299353,condo
condo452,1.30955493460419,103.903168096964,condo
condo453,1.32712408788142,103.952027670182,condo
condo454,1.31106508216983,103.90533900746,condo
condo455,1.316498277754,103.833189243386,condo
condo456,1.37175697361337,103.828179854072,condo
condo457,1.37846253088292,103.957488575516,condo
condo458,1.3064102081429,103.901413831016,condo
condo459,1.38162072114262,103.836219639652,condo
condo460,1.31099479160291,103.893442315049,condo
condo461,1.31783947169965,103.826223650676,condo
condo462,1.35707280748098,103.881090341686,condo
condo463,1.3265665000526,103.636010217327,condo
condo464,1.30190731505382,103.817612215665,condo
condo465,1.30984270610085,103.896599466454,condo
condo466,1.32239181574418,103.918516181243,condo
condo467,1.30116237075932,103.825740911936,condo
condo468,1.35059926733191,103.868514945025,condo
condo469,1.31264875307626,103.900581034415,condo
condo470,1.31127896443187,103.815308534846,condo
condo471,1.31162366725443,103.89091188007,condo
condo472,1.315689968434,103.940308155405,condo
condo473,1.31196084300439,103.885063300564,condo
condo474,1.31649465009912,103.839103883927,condo
condo475,1.31094685388401,103.915733307919,condo
condo476,1.29732760228353,103.83322191012,condo
condo477,1.34295026529862,103.768245398461,condo
condo478,1.32901984483655,103.914196223923,condo
condo479,1.26913483180154,103.814362034784,condo
condo480,1.32826483616522,103.912067534158,condo
condo481,1.36257285737839,103.852539960282,condo
condo482,1.31281106831755,103.855472072451,condo
condo483,1.30319700466564,103.899267198543,condo
condo484,1.30361391565827,103.829242156982,condo
condo485,1.35709630624257,103.965501900375,condo
condo486,1.35178365804951,103.927849913591,condo
condo487,1.31246025168489,103.895202928548,condo
condo488,1.29546726776452,103.835451549198,condo
condo489,1.30943433053408,103.880038714473,condo
condo490,1.31270314378783,103.857112506162,condo
condo491,1.2790614899662,103.848368853255,condo
condo492,1.33040458254512,103.867093216382,condo
condo493,1.38167856743236,103.862815590225,condo
condo494,1.32379616221166,103.792391261313,condo
condo495,1.31336434016643,103.887597407486,condo
condo496,1.31578777361004,103.889959506676,condo
condo497,1.35827540489293,103.877119519016,condo
condo498,1.31274219909117,103.929626538226,condo
condo499,1.31114499548611,103.916123058693,condo
condo500,1.30003153088911,103.797273446935,condo
condo501,1.30375665890104,103.791933300366,condo
condo502,1.31329402369768,103.885213508063,condo
condo503,1.31483389413517,103.848446660151,condo
condo504,1.24935967284368,103.845998682514,condo
condo505,1.29233561786734,103.837549215345,condo
condo506,1.31355578639069,103.904517013271,condo
condo507,1.29650779673362,103.871353882607,condo
condo508,1.356478425661,103.965385495032,condo
condo509,1.31820116513166,103.943110799914,condo
condo510,1.43331358298178,103.751268158788,condo
condo511,1.36005681782249,103.76581067031,condo
condo512,1.31971103411894,103.775102771247,condo
condo513,1.39030426993482,103.859471290687,condo
condo514,1.31711358017871,103.844849772447,condo
condo515,1.30685526429939,103.836843330425,condo
condo516,1.29689177042354,103.839840675332,condo
condo517,1.2991629599519,103.857859536675,condo
condo518,1.42710830386529,103.791921944436,condo
condo519,1.32772188246207,103.848137304369,condo
condo520,1.36423427489596,103.886679056328,condo
condo521,1.38424316316795,103.834339151495,condo
condo522,1.34130342076985,103.953347730205,condo
condo523,1.31297120500789,103.828102208138,condo
condo524,1.32847281017419,103.848358641437,condo
condo525,1.33669549416822,103.867599453466,condo
condo526,1.3245241122412,103.801520418513,condo
condo527,1.34793004288277,103.879782064908,condo
condo528,1.39684272119558,103.746739926711,condo
condo529,1.30406234115253,103.829123652138,condo
condo530,1.31640118993094,103.902512982899,condo
condo531,1.29878089230657,103.826677483859,condo
condo532,1.31238218211805,103.857433134804,condo
condo533,1.30935046456266,103.806952731688,condo
condo534,1.31615491830399,103.840533848314,condo
condo535,1.30013291374093,103.88876823652,condo
condo536,1.31748658236392,103.92160971895,condo
condo537,1.28018119780699,103.784824737346,condo
condo538,1.27588674266836,103.845923793168,condo
condo539,1.31031351887248,103.897656283853,condo
condo540,1.35311560076163,103.8626557772,condo
condo541,1.29619318363539,103.843324619148,condo
condo542,1.32936720206385,103.905791323853,condo
condo543,1.30819273275748,103.838374223228,condo
condo544,1.3062038679567,103.907634092525,condo
condo545,1.32154249881548,103.955535617961,condo
condo546,1.42879898582682,103.781495092242,condo
condo547,1.30987770054417,103.915077496783,condo
condo548,1.35989801289876,103.876938309549,condo
condo549,1.35992152404272,103.763392299233,condo
condo550,1.34180018619223,103.776259359854,condo
condo551,1.3103683207593,103.915953870775,condo
condo552,1.31906972390327,103.846101471001,condo
condo553,1.29221042390056,103.816305335938,condo
condo554,1.37837995394942,103.960914026879,condo
condo555,1.31158587123751,103.895823789036,condo
condo556,1.38594050467522,103.870202565871,condo
condo557,1.279625798918,103.854987203774,condo
condo558,1.29741052327556,103.887510877311,condo
condo559,1.31225007103984,103.805156269965,condo
condo560,1.309847162129,103.907760964095,condo
condo561,1.30058702249257,103.825348219964,condo
condo562,1.30689720823914,103.851653354847,condo
condo563,1.4263720884601,103.825857243294,condo
condo564,1.38101527385214,103.832374524436,condo
condo565,1.31252826827746,103.892025390959,condo
condo566,1.32873367272575,103.864762336397,condo
condo567,1.35244924586092,103.758421056033,condo
condo568,1.36095245463086,103.967963380282,condo
condo569,1.32287512333652,103.863771749512,condo
condo570,1.31474675523302,103.834590248987,condo
condo571,1.31250268727998,103.880368117228,condo
condo572,1.34084242760303,103.773637999482,condo
condo573,1.27712469463822,103.792551001341,condo
condo574,1.30958778399004,103.827607798009,condo
condo575,1.33915405310935,103.871787218052,condo
condo576,1.30775850548969,103.900009540399,condo
condo577,1.307339577796,103.904802283858,condo
condo578,1.31012233674354,103.852814779279,condo
condo579,1.33764156135414,103.918906218067,condo
condo580,1.29881700010487,103.887872844083,condo
condo581,1.33904480982037,103.774300403826,condo
condo582,1.3062554196251,103.847876483186,condo
condo583,1.3153487379872,103.84144796992,condo
condo584,1.35312970286944,103.753892318751,condo
condo585,1.32468844258341,103.825744160137,condo
condo586,1.29743697084042,103.765547285067,condo
condo587,1.30538321577642,103.783180652967,condo
condo588,1.31523307204383,103.807597454835,condo
condo589,1.31143805352617,103.807344002624,condo
condo590,1.30652212866478,103.846587371813,condo
condo591,1.29474541840285,103.84272884954,condo
condo592,1.31914163941165,103.777127110124,condo
condo593,1.34734211793586,103.775864028924,condo
condo594,1.30468470970714,103.901888571632,condo
condo595,1.27388660363944,103.846235542245,condo
condo596,1.29987982178361,103.846414189196,condo
condo597,1.31811016257446,103.922304060986,condo
condo598,1.33791979912857,103.869416262668,condo
condo599,1.33847629111095,103.957156802517,condo
condo600,1.27815684787103,103.787664957924,condo
condo601,1.34489840944008,103.773848162074,condo
condo602,1.34102117952834,103.721486756605,condo
condo603,1.28705859767551,103.82778753198,condo
condo604,1.37976059991781,103.963077852592,condo
condo605,1.34963982805912,103.880190196309,condo
condo606,1.31458588919367,103.836877329386,condo
condo607,1.3539089496685,103.859571530805,condo
condo608,1.34679807171435,103.8799727346,condo
condo609,1.33049714674003,103.888409268781,condo
condo610,1.29407603232889,103.816387213919,condo
condo611,1.35188143616235,103.851266870841,condo
condo612,1.31478575074088,103.82706249682,condo
condo613,1.31058919335556,103.909513431191,condo
condo614,1.30914345592949,103.83757966118,condo
condo615,1.27398407728487,103.846086194903,condo
condo616,1.3283636088892,103.841418362322,condo
condo617,1.36159913009846,103.877967293114,condo
condo618,1.30188910122413,103.901442957552,condo
condo619,1.31916679343629,103.825935494771,condo
condo620,1.31163885880473,103.87683807349,condo
condo621,1.31429426375311,103.841150697585,condo
condo622,1.35423104156605,103.878949285936,condo
condo623,1.31490223556133,103.904709645973,condo
condo624,1.31554107907724,103.890458266408,condo
condo625,1.31164773484524,103.885059930105,condo
condo626,1.3146196512206,103.932237491582,condo
condo627,1.30133624326792,103.828979700445,condo
condo628,1.29734197095829,103.8367416335,condo
condo629,1.29881006027302,103.884350279556,condo
condo630,1.32337432256355,103.850380826925,condo
condo631,1.28093474456197,103.849822465734,condo
condo632,1.32816337851711,103.863446045125,condo
condo633,1.31235667804066,103.800376184273,condo
condo634,1.31432631656582,103.831065213527,condo
condo635,1.32285299409035,103.819911218251,condo
condo636,1.32310987623378,103.850427944703,condo
condo637,1.31960020004528,103.845271738384,condo
condo638,1.43313808496256,103.84139499637,condo
condo639,1.2995172080842,103.802806930224,condo
condo640,1.41682040436462,103.848959192623,condo
condo641,1.30995842188971,103.807753139593,condo
condo642,1.3234671720345,103.84838538745,condo
condo643,1.31112539571832,103.916556710644,condo
condo644,1.35632310011079,103.880402296473,condo
condo645,1.31271356931694,103.858672644846,condo
condo646,1.31372105189031,103.888759579471,condo
condo647,1.30109788047428,103.830563219179,condo
condo648,1.32998564776679,103.866875430246,condo
condo649,1.33358981873943,103.786597764828,condo
condo650,1.30850739235478,103.930442231452,condo
condo651,1.32863494842527,103.944681051515,condo
condo652,1.29169269936472,103.838638106268,condo
condo653,1.29978083020794,103.828489156121,condo
condo654,1.34093520136311,103.76066764737,condo
condo655,1.32449721645123,103.846222526379,condo
condo656,1.31431126151618,103.928972680331,condo
condo657,1.33613666737754,103.769614286398,condo
condo658,1.35783149212489,103.867907440168,condo
condo659,1.30888576800532,103.913177611696,condo
condo660,1.36315342571197,103.874411909823,condo
condo661,1.29167426274411,103.826022318206,condo
condo662,1.32179171572932,103.911831529534,condo
condo663,1.3061302879385,103.837889540329,condo
condo664,1.29188373587958,103.838945567915,condo
condo665,1.31724757482167,103.829972599976,condo
condo666,1.26493085106915,103.81714789225,condo
condo667,1.34120637004433,103.773258671473,condo
condo668,1.37945164127629,103.764094148651,condo
condo669,1.30244590773606,103.847532468776,condo
condo670,1.31376062248786,103.901762873018,condo
condo671,1.31908636997896,103.847053580169,condo
condo672,1.31673645941887,103.909627514227,condo
condo673,1.29810982307445,103.827712685178,condo
condo674,1.36421756850565,103.895052405803,condo
condo675,1.40505933607909,103.818181334563,condo
condo676,1.30269302592246,103.897868727484,condo
condo677,1.31553856524913,103.883262263533,condo
condo678,1.31402521408122,103.925400670799,condo
condo679,1.32038515836726,103.908487204597,condo
condo680,1.28152914902378,103.838861143362,condo
condo681,1.29299712825208,103.823117678437,condo
condo682,1.3111480617383,103.795003427542,condo
condo683,1.30851012959945,103.915939807997,condo
condo684,1.28115860781557,103.787759973633,condo
condo685,1.32699517438883,103.944312151127,condo
condo686,1.31103276112231,103.886630140814,condo
condo687,1.31477585742823,103.846680464253,condo
condo688,1.29962292549867,103.883776609641,condo
condo689,1.36316552671281,103.874166399286,condo
condo690,1.35317970211767,103.76788569306,condo
condo691,1.32864269824431,103.913744097652,condo
condo692,1.39061503235836,103.894910931017,condo
condo693,1.3491803384667,103.846702572322,condo
condo694,1.32658128043627,103.792402662707,condo
condo695,1.31140831008691,103.906233403164,condo
condo696,1.33876374787014,103.960486411504,condo
condo697,1.3153202339617,103.855419397267,condo
condo698,1.37184506128881,103.943840985234,condo
condo699,1.35319495337208,103.835564729862,condo
condo700,1.30381438833963,103.826031132095,condo
condo701,1.38798311701373,103.879817852954,condo
condo702,1.2928359632621,103.830535727029,condo
condo703,1.30970223831149,103.8307090901,condo
condo704,1.37205758813177,103.764735269565,condo
condo705,1.29806237939926,103.838019065206,condo
condo706,1.30531449478909,103.895938058127,condo
condo707,1.34374965058828,103.868891906102,condo
condo708,1.31782799598861,103.851970497394,condo
condo709,1.3132765773147,103.900982170938,condo
condo710,1.30466347810957,103.826434239291,condo
condo711,1.30106744301014,103.847993603538,condo
condo712,1.30907421145446,103.898319919507,condo
condo713,1.29849427996178,103.836649785169,condo
condo714,1.30009134250382,103.850666052842,condo
condo715,1.29350106809906,103.829941118272,condo
condo716,1.31577542601925,103.933704714168,condo
condo717,1.36558300312261,103.870850408279,condo
condo718,1.36143220735283,103.966848051893,condo
condo719,1.32814908980309,103.848401404479,condo
condo720,1.30557829834877,103.838140768626,condo
condo721,1.30383691559687,103.831707804361,condo
condo722,1.30984808603146,103.802202123587,condo
condo723,1.29980838493639,103.898492758597,condo
condo724,1.27816252016752,103.844214235899,condo
condo725,1.35965938478524,103.83269196692,condo
condo726,1.29965226936589,103.898829231978,condo
condo727,1.30776731956689,103.899880729747,condo
condo728,1.31255857790753,103.860206507921,condo
condo729,1.32794886466998,103.812833881556,condo
condo730,1.27587483521415,103.840480994349,condo
condo731,1.29771195692863,103.815252566427,condo
condo732,1.30913708258094,103.909432641514,condo
condo733,1.36269480854643,103.887427905362,condo
condo734,1.31928907823444,103.836653265191,condo
condo735,1.31778058172179,103.830473697502,condo
condo736,1.31232393794378,103.885033090499,condo
condo737,1.31291496683245,103.924721677755,condo
condo738,1.30752321665639,103.927080121765,condo
condo739,1.32383024362223,103.850890339366,condo
condo740,1.29746191668513,103.874148326967,condo
condo741,1.38088335961734,103.894307289305,condo
condo742,1.3079858196511,103.90427001166,condo
condo743,1.30993670825951,103.852395529501,condo
condo744,1.38553387052787,103.839735652312,condo
condo745,1.32730281734647,103.911359251474,condo
condo746,1.30582367747579,103.848070327973,condo
condo747,1.31170915264394,103.878463160426,condo
condo748,1.38380525082312,103.8620523264,condo
condo749,1.32434067817063,103.799693656879,condo
condo750,1.31580857751611,103.852451507858,condo
condo751,1.3125313169466,103.89458179066,condo
condo752,1.31828107898793,103.829382520419,condo
condo753,1.33787070972746,103.928514706964,condo
condo754,1.31102294189392,103.88065691231,condo
condo755,1.34160507461199,103.708087536145,condo
condo756,1.2986681768518,103.841687375699,condo
condo757,1.28276649495118,103.830083298585,condo
condo758,1.3448395852819,103.875342732702,condo
condo759,1.36362256925727,103.885979254519,condo
condo760,1.31076952951431,103.85857967613,condo
condo761,1.24296399581113,103.837106213588,condo
condo762,1.32496337821747,103.810317115677,condo
condo763,1.30392778337539,103.828770248549,condo
condo764,1.42031322632483,103.848011547162,condo
condo765,1.30852360222632,103.913880478426,condo
condo766,1.38048240515836,103.759801819051,condo
condo767,1.43055429543563,103.786026914249,condo
condo768,1.33145813962772,103.841409183993,condo
condo769,1.29489158756341,103.829699558094,condo
condo770,1.31469684747176,103.882628937424,condo
condo771,1.37105349951674,103.945291338516,condo
condo772,1.34522739809413,103.769956157198,condo
condo773,1.43989607113771,103.827180598737,condo
condo774,1.36337662634286,103.876570360295,condo
condo775,1.31278422240834,103.887200888953,condo
condo776,1.30917573212027,103.838520666039,condo
condo777,1.31079892499905,103.91290436723,condo
condo778,1.34584988316047,103.880413830687,condo
condo779,1.34296556386397,103.76852896318,condo
condo780,1.32751519175502,103.86282558481,condo
condo781,1.31253733235708,103.885402784916,condo
condo782,1.36168555176572,103.877621293642,condo
condo783,1.29389339488957,103.824089158096,condo
condo784,1.34351875675561,103.881905451986,condo
condo785,1.29906764002132,103.836832037459,condo
condo786,1.35718262700774,103.876035829496,condo
condo787,1.28076943504219,103.852658562152,condo
condo788,1.29742180651256,103.842453201319,condo
condo789,1.32118771198274,103.825057721833,condo
condo790,1.30556989413677,103.826602265235,condo
condo791,1.30706456216463,103.900744955945,condo
condo792,1.36103477265129,103.881766547956,condo
condo793,1.31488272296555,103.907503321323,condo
condo794,1.29510458679803,103.828511352677,condo
condo795,1.29351075114971,103.821137850907,condo
condo796,1.31911973287524,103.780155254785,condo
condo797,1.31964735125912,103.912921208201,condo
condo798,1.32924471287251,103.81094165707,condo
condo799,1.34664658955136,103.762090018711,condo
condo800,1.35166519162343,103.84155399401,condo
condo801,1.3584957813131,103.881233534928,condo
condo802,1.33178848078781,103.788461089187,condo
condo803,1.35270549644606,103.842158144358,condo
condo804,1.32568439043241,103.881500484829,condo
condo805,1.3528637342999,103.836407211393,condo
condo806,1.3568523618085,103.882404598561,condo
condo807,1.37457279689398,103.93998977659,condo
condo808,1.30960772754814,103.893348276924,condo
condo809,1.29825045669159,103.84026619091,condo
condo810,1.35738209038326,103.879526414029,condo
condo811,1.34945371926965,103.866975968227,condo
condo812,1.3177326204316,103.844909211296,condo
condo813,1.31269794714045,103.886776844129,condo
condo814,1.30581889889479,103.906873192865,condo
condo815,1.31321691347859,103.913873612046,condo
condo816,1.28296148659589,103.839814598308,condo
condo817,1.38365806896978,103.839178052854,condo
condo818,1.28055328985473,103.789301855854,condo
condo819,1.31561185223241,103.886656984184,condo
condo820,1.28888048243281,103.77609616815,condo
condo821,1.32729129241047,103.766803401208,condo
condo822,1.3120066226844,103.90105908519,condo
condo823,1.31297801853119,103.885057246137,condo
condo824,1.32678978123436,103.911532632214,condo
condo825,1.35952789362178,103.845804982063,condo
condo826,1.36056329663671,103.8777118549,condo
condo827,1.31309633401655,103.886754727605,condo
condo828,1.31315720102795,103.897803671838,condo
condo829,1.32141037498987,103.841399228185,condo
condo830,1.32548941766951,103.848375446944,condo
condo831,1.27603511606189,103.837502046362,condo
condo832,1.31478233515073,103.841958399488,condo
condo833,1.3785794514657,103.828375856327,condo
condo834,1.3438487620392,103.86842813539,condo
condo835,1.31212753143258,103.886814275583,condo
condo836,1.30469246924168,103.816483134313,condo
condo837,1.31007009246365,103.893514720854,condo
condo838,1.34971580734914,103.9618917708,condo
condo839,1.32886589161997,103.90719397756,condo
condo840,1.31506105973759,103.856679863644,condo
condo841,1.33848562911337,103.741473502989,condo
condo842,1.35281445258018,103.756430517087,condo
condo843,1.30125623537256,103.900826087949,condo
condo844,1.30653703488091,103.920744586982,condo
condo845,1.30971634777395,103.80586317296,condo
condo846,1.29359084743285,103.839334552399,condo
condo847,1.30090514949244,103.881931213593,condo
condo848,1.30301843093714,103.846426917599,condo
condo849,1.31009671517982,103.897769945912,condo
condo850,1.27600341928172,103.824024663513,condo
condo851,1.2910000470966,103.838095761587,condo
condo852,1.31387665877617,103.850450616658,condo
condo853,1.36681214110944,103.774500573666,condo
condo854,1.29368732311052,103.839798000654,condo
condo855,1.34248869155063,103.881530760531,condo
condo856,1.29720600498372,103.856493945033,condo
condo857,1.27674860205667,103.829703394306,condo
condo858,1.31277604580511,103.882455638462,condo
condo859,1.31265222713663,103.906189486223,condo
condo860,1.35583242688878,103.837738733937,condo
condo861,1.3579337277843,103.881932039258,condo
condo862,1.32831187101076,103.912674237605,condo
condo863,1.28263588582996,103.830186327366,condo
condo864,1.30912829551282,103.831608449156,condo
condo865,1.30900967866692,103.824012413363,condo
condo866,1.3115188598209,103.933086390764,condo
condo867,1.32061430055361,103.753290913315,condo
condo868,1.34337755969877,103.854258751598,condo
condo869,1.30938443720972,103.908480704834,condo
condo870,1.29791640665876,103.857652424567,condo
condo871,1.30838100845761,103.894919104455,condo
condo872,1.2885136991527,103.776626436441,condo
condo873,1.40305909196887,103.819636088075,condo
condo874,1.30941222815181,103.912606742916,condo
condo875,1.29706957974139,103.895140698395,condo
condo876,1.31256998658763,103.887209225771,condo
condo877,1.31620610979173,103.903596995814,condo
condo878,1.32892428150625,103.797051525763,condo
condo879,1.32713313560276,103.948931009877,condo
condo880,1.27588976787545,103.838151709122,condo
condo881,1.31217627526073,103.895117089121,condo
condo882,1.31190419143627,103.885369365155,condo
condo883,1.31568172551155,103.845880417376,condo
condo884,1.27708340707631,103.849181343548,condo
condo885,1.31607412947418,103.891092837354,condo
condo886,1.3178260401216,103.909308065962,condo
condo887,1.33002356567313,103.86727711208,condo
condo888,1.36099060483292,103.828974355886,condo
condo889,1.40393859107231,103.818849957935,condo
condo890,1.34241264188642,103.776539385406,condo
condo891,1.31223039181849,103.906376869088,condo
condo892,1.32167520272371,103.910592815024,condo
condo893,1.31425690936061,103.778448847462,condo
condo894,1.31620464984195,103.901861658977,condo
condo895,1.28413397178419,103.842519972666,condo
condo896,1.27751161531684,103.791403966671,condo
condo897,1.30961901654531,103.909258168713,condo
condo898,1.33510424899139,103.74217944712,condo
condo899,1.30755639835754,103.767613229026,condo
condo900,1.35025662393926,103.880579427111,condo
condo901,1.39555238593088,103.874183210427,condo
condo902,1.31132589184193,103.804239112675,condo
condo903,1.31301205892227,103.909868598439,condo
condo904,1.28343380738817,103.834749994225,condo
condo905,1.31242960215498,103.906088719109,condo
condo906,1.34626320392097,103.873932151324,condo
condo907,1.32216621999086,103.811587988595,condo
condo908,1.32222530186955,103.851774865079,condo
condo909,1.31351033747396,103.885333650797,condo
condo910,1.42429399247954,103.835696050981,condo
condo911,1.31151034798645,103.858717994436,condo
condo912,1.30504331735643,103.906094265269,condo
condo913,1.2944473452924,103.837593797574,condo
condo914,1.31096764702187,103.906266733963,condo
condo915,1.30632312393315,103.902905397513,condo
condo916,1.31785132345028,103.908905458358,condo
condo917,1.33107697171634,103.94814314427,condo
condo918,1.3047467298095,103.898040099704,condo
condo919,1.25028472350369,103.842441780339,condo
condo920,1.30371610764849,103.899684022506,condo
condo921,1.31778966389451,103.837005911769,condo
condo922,1.29673208730621,103.87063419752,condo
condo923,1.31352508845797,103.905051971762,condo
condo924,1.38718841691871,103.869337214926,condo
condo925,1.29973051605736,103.841601401989,condo
condo926,1.33791248308456,103.770035329799,condo
condo927,1.31283039144925,103.841544287772,condo
condo928,1.31537235925068,103.929455186193,condo
condo929,1.34462755554801,103.71838138374,condo
condo930,1.31919536108336,103.953338447655,condo
condo931,1.3194963407286,103.909288793172,condo
condo932,1.3698662462619,103.772580397242,condo
condo933,1.30375798169172,103.859708997422,condo
condo934,1.3627136923112,103.876512052359,condo
condo935,1.30046735366415,103.850556061949,condo
condo936,1.31418513616608,103.882905262718,condo
condo937,1.32177366309366,103.805382397945,condo
condo938,1.32281193728737,103.852026274201,condo
condo939,1.43874576004419,103.831687844963,condo
condo940,1.31623494982413,103.884417981377,condo
condo941,1.41872458590134,103.847586910498,condo
condo942,1.30765307060931,103.89948999313,condo
condo943,1.34164555266096,103.960840438699,condo
condo944,1.33764586553964,103.928990816937,condo
condo945,1.33518425281789,103.888238315227,condo
condo946,1.30381233621834,103.903604161886,condo
condo947,1.27686888047138,103.793176829437,condo
condo948,1.2984997727958,103.847468258282,condo
condo949,1.32429133276381,103.853766958464,condo
condo950,1.38919066030691,103.850093212097,condo
condo951,1.30663349872782,103.825944954631,condo
condo952,1.32252212187302,103.848891107309,condo
condo953,1.33087499125581,103.869464661737,condo
condo954,1.3149895743528,103.85470923791,condo
condo955,1.30724209656144,103.910467503121,condo
condo956,1.34594056107023,103.87390687081,condo
condo957,1.29155438052445,103.772379877483,condo
condo958,1.31186101124359,103.796458882542,condo
condo959,1.31316934203827,103.929305198346,condo
condo960,1.30422334935226,103.837713806599,condo
condo961,1.29707979825852,103.856398852446,condo
condo962,1.30710474181654,103.867087818477,condo
condo963,1.27008120061752,103.814076258677,condo
condo964,1.29617714762777,103.836877654727,condo
condo965,1.42197600824404,103.794067568684,condo
condo966,1.32526434675063,103.845622069281,condo
condo967,1.36357380310723,103.886627357919,condo
condo968,1.31236517710986,103.836722495413,condo
condo969,1.31294432373666,103.855634735092,condo
condo970,1.31938865407237,103.908010725574,condo
condo971,1.37042367326737,103.944519140794,condo
condo972,1.32879593267373,103.912963648128,condo
condo973,1.3148446988366,103.758718853343,condo
condo974,1.37573561146694,103.869103471495,condo
condo975,1.31461533619848,103.903415773085,condo
condo976,1.2953415799343,103.839844385683,condo
condo977,1.32182560981051,103.958564798045,condo
condo978,1.30803126826052,103.836183107285,condo
condo979,1.31442952129569,103.909113128686,condo
condo980,1.36069820412994,103.76288185047,condo
condo981,1.34510640009665,103.872067786316,condo
condo982,1.34148201148685,103.773378872351,condo
condo983,1.31648203397817,103.829897153451,condo
condo984,1.29444235984052,103.79512874632,condo
condo985,1.27803124712698,103.84238791264,condo
condo986,1.31302142355877,103.887521408189,condo
condo987,1.31955325118388,103.825821938683,condo
condo988,1.31612928539973,103.943189424674,condo
condo989,1.32571303801229,103.845508907095,condo
condo990,1.29282308778131,103.839803419387,condo
condo991,1.29863542342094,103.886489579361,condo
condo992,1.30982536445828,103.77007316985,condo
condo993,1.32458602112842,103.848173371262,condo
condo994,1.30315428073007,103.829577548446,condo
condo995,1.29078080113526,103.837445495482,condo
condo996,1.31350387802359,103.906360666557,condo
condo997,1.31738968922717,103.91258763823,condo
condo998,1.35823629675024,103.881478634217,condo
condo999,1.30259284877615,103.829675836055,condo
condo1000,1.27692337302663,103.846239257506,condo
condo1001,1.34031496161096,103.956850554838,condo
condo1002,1.3160050551377,103.852068216051,condo
condo1003,1.37383591735897,103.763124764765,condo
condo1004,1.3674265949763,103.969596367528,condo
condo1005,1.30050483669434,103.84769412295,condo
condo1006,1.29570410515931,103.839811752808,condo
condo1007,1.31389250792833,103.914260843359,condo
condo1008,1.31139802735379,103.906553391581,condo
condo1009,1.32193608150277,103.813870868929,condo
condo1010,1.3507446563306,103.877918204518,condo
condo1011,1.31118981428433,103.882466535926,condo
condo1012,1.32477843355905,103.849712979237,condo
condo1013,1.30956891374333,103.861562347352,condo
condo1014,1.32437966274857,103.863833862679,condo
condo1015,1.38207503989149,103.940551200023,condo
condo1016,1.32661285068821,103.864339686311,condo
condo1017,1.33024915863509,103.86735251711,condo
condo1018,1.31424399792716,103.844686730014,condo
condo1019,1.32744532535466,103.85100802776,condo
condo1020,1.30672933592343,103.823984272655,condo
condo1021,1.32107711872701,103.843337016977,condo
condo1022,1.32660135432463,103.812654850327,condo
condo1023,1.44819535371132,103.819502127155,condo
condo1024,1.30733322469102,103.838480574083,condo
condo1025,1.31198237882226,103.875582544247,condo
condo1026,1.35313774657052,103.87852553785,condo
condo1027,1.32812868583745,103.843675063421,condo
condo1028,1.30797947737942,103.826505078218,condo
condo1029,1.29635617157406,103.837991072981,condo
condo1030,1.38001140897803,103.943764660548,condo
condo1031,1.32694514386768,103.842477104702,condo
condo1032,1.32723427058795,103.845140012266,condo
condo1033,1.29539368450255,103.812976182751,condo
condo1034,1.32502507205494,103.803432287668,condo
condo1035,1.30329268534643,103.830402577755,condo
condo1036,1.32555206814901,103.853619906359,condo
condo1037,1.32018967220914,103.906865928269,condo
condo1038,1.30999017846252,103.835499682233,condo
condo1039,1.31312217027915,103.879474779,condo
condo1040,1.30999599928327,103.895761340669,condo
condo1041,1.3175481078267,103.909467717722,condo
condo1042,1.351166416021,103.863738621821,condo
condo1043,1.29021050421929,103.83756182148,condo
condo1044,1.30944640897271,103.876928896198,condo
condo1045,1.3179599892541,103.840328123302,condo
condo1046,1.33430821723407,103.725440627217,condo
condo1047,1.32483349335708,103.808382077332,condo
condo1048,1.31524471792011,103.845450576406,condo
condo1049,1.32683327677098,103.843349169664,condo
condo1050,1.31419010739344,103.909831877166,condo
condo1051,1.31863081799085,103.780686822116,condo
condo1052,1.28122139862594,103.785348226184,condo
condo1053,1.313904482539,103.910960676134,condo
condo1054,1.30578461949823,103.900225930723,condo
condo1055,1.31409213027808,103.852946523501,condo
condo1056,1.28253890047895,103.846811436171,condo
condo1057,1.39475153870193,103.881758313637,condo
condo1058,1.3146621502983,103.834178223122,condo
condo1059,1.33102936528877,103.767519926051,condo
condo1060,1.31160870925417,103.892651691326,condo
condo1061,1.31416383479813,103.853905530109,condo
condo1062,1.37816692983856,103.737936504206,condo
condo1063,1.32480413933797,103.864179093295,condo
condo1064,1.31282978234139,103.895910698856,condo
condo1065,1.31892597328933,103.824241922952,condo
condo1066,1.32329829076605,103.810527574143,condo
condo1067,1.30757480796056,103.802891193537,condo
condo1068,1.31519602717988,103.888728476255,condo
condo1069,1.31552496371882,103.887975469134,condo
condo1070,1.34453413394855,103.868642979489,condo
condo1071,1.34507685676706,103.948539721499,condo
condo1072,1.30234997893113,103.901267900768,condo
condo1073,1.30361011228586,103.825167160428,condo
condo1074,1.32534460429598,103.840724426682,condo
condo1075,1.34960971895034,103.865925446023,condo
condo1076,1.31810471986283,103.78032572661,condo
condo1077,1.29576313642746,103.766122279701,condo
condo1078,1.31614358243396,103.857357418443,condo
condo1079,1.28251708251467,103.786910425377,condo
condo1080,1.31624947059146,103.83042805227,condo
condo1081,1.31297800060859,103.879770800217,condo
condo1082,1.31980472722937,103.794598587105,condo
condo1083,1.37803561636807,103.757491734082,condo
condo1084,1.35407893088178,103.831656267976,condo
condo1085,1.31514448371947,103.884050282732,condo
condo1086,1.29301890626382,103.840209560979,condo
condo1087,1.3137519651045,103.929121494681,condo
condo1088,1.3108423671893,103.826458948672,condo
condo1089,1.31464830253379,103.844819093226,condo
condo1090,1.3122772142241,103.910868182844,condo
condo1091,1.32562559692799,103.854029137523,condo
condo1092,1.31417485125009,103.873278239692,condo
condo1093,1.31169206684249,103.91161241775,condo
condo1094,1.28034497999593,103.852143277672,condo
condo1095,1.31166859368563,103.878066887965,condo
condo1096,1.30893728448473,103.836138488512,condo
condo1097,1.32092468821154,103.954168116,condo
condo1098,1.35557651472076,103.881552486332,condo
condo1099,1.31572497044571,103.888037485239,condo
condo1100,1.32053883260182,103.909448028804,condo
condo1101,1.3143694479873,103.88434578985,condo
condo1102,1.32732661439014,103.864035551424,condo
condo1103,1.32580825364563,103.812516919467,condo
condo1104,1.34235172835604,103.760159353985,condo
condo1105,1.33048227773489,103.880112568069,condo
condo1106,1.33480428556733,103.945045323009,condo
condo1107,1.34732315069248,103.775097674577,condo
condo1108,1.31610089372943,103.888998018255,condo
condo1109,1.31438189347147,103.854233088273,condo
condo1110,1.33990517775747,103.716313979721,condo
condo1111,1.38721407011108,103.744768545113,condo
condo1112,1.3017188875932,103.901066862995,condo
condo1113,1.34192356291032,103.77318228489,condo
condo1114,1.31325732047152,103.848953427343,condo
condo1115,1.29929575914769,103.766403028005,condo
condo1116,1.31295613447289,103.915002346739,condo
condo1117,1.27904247769908,103.844655258107,condo
condo1118,1.3312958552494,103.869889571441,condo
condo1119,1.32896618056054,103.878425225053,condo
condo1120,1.3703043031814,103.848386313887,condo
condo1121,1.30803647339767,103.900775732944,condo
condo1122,1.31178498584081,103.906034854282,condo
condo1123,1.31224729818351,103.927552932333,condo
condo1124,1.37939195187997,103.96368774531,condo
condo1125,1.30422070655432,103.838389476201,condo
condo1126,1.31302913243704,103.794375471653,condo
condo1127,1.32428874155929,103.928788548655,condo
condo1128,1.31263398381288,103.894910348642,condo
condo1129,1.29955591551566,103.888308126853,condo
condo1130,1.31099855930995,103.861155186704,condo
condo1131,1.30714615169712,103.91477217914,condo
condo1132,1.40047053163504,103.746343470361,condo
condo1133,1.31068444913989,103.879834705472,condo
condo1134,1.31285080910896,103.886497625764,condo
condo1135,1.3483083591294,103.731919903016,condo
condo1136,1.3081098949528,103.913990172777,condo
condo1137,1.32012879856897,103.91212772924,condo
condo1138,1.31513812749678,103.842640203235,condo
condo1139,1.37799686028453,103.95675895193,condo
condo1140,1.33933820986766,103.851224736347,condo
condo1141,1.29198111835787,103.834261909893,condo
condo1142,1.32222533352038,103.823597825035,condo
condo1143,1.39517271989093,103.909281605641,condo
condo1144,1.35496246598975,103.865797958378,condo
condo1145,1.31756792362144,103.760950142464,condo
condo1146,1.27774637356665,103.793783926302,condo
condo1147,1.32357151793004,103.841133415932,condo
condo1148,1.34559872380256,103.733113689952,condo
condo1149,1.31237644478781,103.795544530687,condo
condo1150,1.31438153240895,103.844528955303,condo
condo1151,1.32656543019703,103.909765638123,condo
condo1152,1.3194715559073,103.836522274536,condo
condo1153,1.31234219058664,103.938435586938,condo
condo1154,1.30514122743721,103.839658737676,condo
condo1155,1.3113568841101,103.858599024436,condo
condo1156,1.30790270242326,103.840635750149,condo
condo1157,1.31351026234071,103.848372065079,condo
condo1158,1.37316799974603,103.998160999626,condo
condo1159,1.29522123322474,103.827149602901,condo
condo1160,1.31495119971126,103.940799865408,condo
condo1161,1.36581281852188,103.880039536732,condo
condo1162,1.3760824562769,103.763653684562,condo
condo1163,1.38327514262867,103.833148101837,condo
condo1164,1.3269225590077,103.849241627567,condo
condo1165,1.31660680940599,103.853325577811,condo
condo1166,1.28804360780486,103.843954261113,condo
condo1167,1.37767254833664,103.758007083743,condo
condo1168,1.31416518754068,103.936909415537,condo
condo1169,1.36799983515448,103.882553191006,condo
condo1170,1.3560153779275,103.762587763182,condo
condo1171,1.37355073085693,103.826446055397,condo
condo1172,1.36895778279486,103.893470832819,condo
condo1173,1.36056129382805,103.831322647843,condo
condo1174,1.3814208810974,103.82870210676,condo
condo1175,1.33802691157486,103.770820107051,condo
condo1176,1.31006306044849,103.834474130511,condo
condo1177,1.30376843180555,103.848708365255,condo
condo1178,1.30439407816407,103.789298243056,condo
condo1179,1.29925468229405,103.78960773275,condo
condo1180,1.32077282110112,103.811510282961,condo
condo1181,1.31706475629587,103.832881868381,condo
condo1182,1.32283574145492,103.81488093133,condo
condo1183,1.36007675077248,103.878537599085,condo
condo1184,1.3298726974529,103.808984057163,condo
condo1185,1.33337309901038,103.80951086623,condo
condo1186,1.28616304514336,103.839553885885,condo
condo1187,1.34810123517193,103.879977476003,condo
condo1188,1.36969736688506,103.867688596034,condo
condo1189,1.33233225216323,103.721766497129,condo
condo1190,1.31498987777031,103.829293820223,condo
condo1191,1.30903804428064,103.822915406228,condo
condo1192,1.31427299639943,103.9023720141,condo
condo1193,1.31145537479688,103.895169649984,condo
condo1194,1.32327389691932,103.86384639614,condo
condo1195,1.32746244374854,103.811146600687,condo
condo1196,1.29319908101259,103.820153971824,condo
condo1197,1.32358747782594,103.852647135431,condo
condo1198,1.2480811344961,103.84191919765,condo
condo1199,1.31212684791503,103.887220221118,condo
condo1200,1.27550106882151,103.841596022941,condo
condo1201,1.30952914909452,103.905111030074,condo
condo1202,1.30956005754787,103.89554915439,condo
condo1203,1.31266290803793,103.911509004252,condo
condo1204,1.29335050764271,103.83845153463,condo
condo1205,1.37866587809349,103.763958370107,condo
condo1206,1.39020320930569,103.897388951353,condo
condo1207,1.29488382877099,103.828087328414,condo
condo1208,1.30725683177633,103.82570235412,condo
condo1209,1.34829521002806,103.772302801598,condo
condo1210,1.36775537872269,103.844716816738,condo
condo1211,1.30284530720385,103.847903060812,condo
condo1212,1.30477434995815,103.83743185829,condo
condo1213,1.31327350929151,103.827444712789,condo
condo1214,1.36028604477706,103.881277091133,condo
condo1215,1.36439062525132,103.882188125238,condo
condo1216,1.32436836124439,103.854219451062,condo
condo1217,1.29890153862647,103.887151599437,condo
condo1218,1.30450883144843,103.905450923104,condo
condo1219,1.30244482459515,103.848554295862,condo
condo1220,1.30752558427329,103.836487890258,condo
condo1221,1.28735319423286,103.829642132442,condo
condo1222,1.308759844145,103.829643355814,condo
condo1223,1.3164463549549,103.846258551824,condo
condo1224,1.34531588501516,103.871398582883,condo
condo1225,1.31278741680729,103.799362688634,condo
condo1226,1.31402139704148,103.857964230708,condo
condo1227,1.31481342923106,103.888046887621,condo
condo1228,1.32532977793951,103.852411690265,condo
condo1229,1.31769172514138,103.828769486315,condo
condo1230,1.29658307180925,103.891682981836,condo
condo1231,1.34602434625291,103.724280865595,condo
condo1232,1.31245177706174,103.911015132544,condo
condo1233,1.3729148417953,103.943602727992,condo
condo1234,1.34139834001891,103.955151180798,condo
condo1235,1.30803122071576,103.836841433553,condo
condo1236,1.31366118364629,103.925916354731,condo
condo1237,1.3055158416708,103.834006437888,condo
condo1238,1.3376616168612,103.7816836788,condo
condo1239,1.32426053315373,103.765683627165,condo
condo1240,1.32697693485952,103.845903319079,condo
condo1241,1.32151951282408,103.833947029498,condo
condo1242,1.32862584566182,103.865133145358,condo
condo1243,1.3180254812967,103.756289455625,condo
condo1244,1.31669586393435,103.77599440398,condo
condo1245,1.32635294484067,103.908900244938,condo
condo1246,1.31443985425782,103.908849449218,condo
condo1247,1.34394361727901,103.734931027328,condo
condo1248,1.29153654792628,103.815285053503,condo
condo1249,1.33050893129238,103.843673071862,condo
condo1250,1.33474211664091,103.91797832995,condo
condo1251,1.29245276616102,103.825246918432,condo
condo1252,1.34522347751628,103.875341341036,condo
condo1253,1.40657743185801,103.902358706962,condo
condo1254,1.28239117181936,103.827896733136,condo
condo1255,1.31595167560923,103.841854612829,condo
condo1256,1.27880964969521,103.787553932401,condo
condo1257,1.31127242377312,103.828132104727,condo
condo1258,1.36202213850332,103.879619314505,condo
condo1259,1.29598965078724,103.841261930523,condo
condo1260,1.33953462072379,103.770284679478,condo
condo1261,1.326144602682,103.862340325724,condo
condo1262,1.31395543790137,103.854480205326,condo
condo1263,1.31058487789639,103.899983955655,condo
condo1264,1.35341660995058,103.835547156524,condo
condo1265,1.30611641186974,103.903063201898,condo
condo1266,1.32102569890443,103.822172846509,condo
condo1267,1.3017652097494,103.899729987957,condo
condo1268,1.32771850493034,103.850327771845,condo
condo1269,1.32088202092246,103.910092007142,condo
condo1270,1.31621273957801,103.854195999834,condo
condo1271,1.34376141538763,103.96292317784,condo
condo1272,1.31197967493679,103.859005733247,condo
condo1273,1.31616396718925,103.827763425695,condo
condo1274,1.31928769673761,103.948539115215,condo
condo1275,1.30617772971322,103.899582125544,condo
condo1276,1.33860894643291,103.856475963154,condo
condo1277,1.28954829330892,103.777089281289,condo
condo1278,1.25177730904166,103.847671939013,condo
condo1279,1.34988776144934,103.860451783204,condo
condo1280,1.32697070112982,103.84971650708,condo
condo1281,1.35482511473466,103.877603175814,condo
condo1282,1.31353809863098,103.914944391669,condo
condo1283,1.31852490942048,103.839521124705,condo
condo1284,1.3014211599163,103.848012816719,condo
condo1285,1.32376568191684,103.843395379054,condo
condo1286,1.29756051659164,103.846989319055,condo
condo1287,1.32456554554323,103.812187010308,condo
condo1288,1.37457017021599,103.879877813491,condo
condo1289,1.29380093107283,103.842145033288,condo
condo1290,1.3112691323173,103.910277854719,condo
condo1291,1.2962632207628,103.825710434521,condo
condo1292,1.31013147585068,103.915694573907,condo
condo1293,1.31573678652694,103.830908712919,condo
condo1294,1.32218837844525,103.911236681609,condo
condo1295,1.30903721550504,103.908569536117,condo
condo1296,1.29919099987699,103.898928828188,condo
condo1297,1.30646586931309,103.905318255744,condo
condo1298,1.37588449421065,103.834226632654,condo
condo1299,1.31676282216463,103.909766484539,condo
condo1300,1.35521015162313,103.876458829956,condo
condo1301,1.31248371946306,103.933153555572,condo
condo1302,1.40333433906002,103.817742479529,condo
condo1303,1.37989464950184,103.96274397719,condo
condo1304,1.30887768929861,103.800468775419,condo
condo1305,1.3285185900161,103.865581580159,condo
condo1306,1.31654591549209,103.845738302703,condo
condo1307,1.30633784011654,103.898772934564,condo
condo1308,1.36482868104674,103.831999314581,condo
condo1309,1.43111592652524,103.785617730116,condo
condo1310,1.29570993713335,103.827568387283,condo
condo1311,1.37083658603427,103.77617637873,condo
condo1312,1.31474326765884,103.942302354429,condo
condo1313,1.33878208258885,103.779965717144,condo
condo1314,1.32890152807378,103.812100334091,condo
condo1315,1.32423180591114,103.906234493187,condo
condo1316,1.31067589387575,103.912760068148,condo
condo1317,1.2899042767199,103.831434171881,condo
condo1318,1.31289479727385,103.912335625355,condo
condo1319,1.42612719073754,103.832079231115,condo
condo1320,1.31433566704984,103.904127822972,condo
condo1321,1.34931878113259,103.834344585477,condo
condo1322,1.31554373964709,103.852489365428,condo
condo1323,1.40480911505593,103.819465500143,condo
condo1324,1.27858181282948,103.793691492159,condo
condo1325,1.34939512960688,103.928476016676,condo
condo1326,1.29560520303559,103.829406938324,condo
condo1327,1.34245875579964,103.717693368001,condo
condo1328,1.30710932459379,103.890442216569,condo
condo1329,1.31763797210019,103.839239630907,condo
condo1330,1.32751884756176,103.862564898481,condo
condo1331,1.31585628957472,103.834009973852,condo
condo1332,1.32799902012839,103.865901787981,condo
condo1333,1.31047825271324,103.857844402473,condo
condo1334,1.31983521545938,103.880626895148,condo
condo1335,1.42912226197265,103.781729605573,condo
condo1336,1.31520570234631,103.889925313896,condo
condo1337,1.34555810302633,103.722613082394,condo
condo1338,1.36857369907868,103.945571141969,condo
condo1339,1.31490075979298,103.840460862924,condo
condo1340,1.31514534529478,103.852365754708,condo
condo1341,1.28445018649266,103.860956741623,condo
condo1342,1.3131040121227,103.815638994916,condo
condo1343,1.31496035037871,103.838459402687,condo
condo1344,1.38926443943236,103.896575260269,condo
condo1345,1.31629397762889,103.88657418395,condo
condo1346,1.28953233534953,103.777626625155,condo
condo1347,1.36154497621558,103.878557824199,condo
condo1348,1.36345876511866,103.894956701264,condo
condo1349,1.31621055542784,103.840043864962,condo
condo1350,1.32205107371502,103.892257249683,condo
condo1351,1.35521095284251,103.966422045067,condo
condo1352,1.311250279155,103.852455288833,condo
condo1353,1.31576978281993,103.901550713774,condo
condo1354,1.31290218164637,103.883807100407,condo
condo1355,1.32424263566888,103.849212771702,condo
condo1356,1.35853939951238,103.882806146004,condo
condo1357,1.39256213043102,103.91336149334,condo
condo1358,1.30987538864486,103.830978929086,condo
condo1359,1.34832321330413,103.774249363629,condo
condo1360,1.29471787222773,103.83420206342,condo
condo1361,1.32184413934142,103.853334117435,condo
condo1362,1.31166889741382,103.831245324955,condo
condo1363,1.32353667060891,103.906878818924,condo
condo1364,1.31302437648346,103.858136678648,condo
condo1365,1.32048040278623,103.756513529998,condo
condo1366,1.31567504255483,103.800275175937,condo
condo1367,1.33050546911115,103.906465691539,condo
condo1368,1.29527868125887,103.838567307022,condo
condo1369,1.31578550234081,103.843552234152,condo
condo1370,1.32542861841636,103.945612544747,condo
condo1371,1.29231808426578,103.772313180824,condo
condo1372,1.41804544618829,103.841080048739,condo
condo1373,1.31289735229362,103.79488993333,condo
condo1374,1.31690926542148,103.912654196336,condo
condo1375,1.32433421345059,103.849717961403,condo
condo1376,1.39185235684708,103.851179877786,condo
condo1377,1.29066558758837,103.834723664364,condo
condo1378,1.3174065919211,103.809095979943,condo
condo1379,1.29344961581056,103.838888915765,condo
condo1380,1.33515865468896,103.725064456872,condo
condo1381,1.29506595555146,103.827422791277,condo
condo1382,1.30766860940267,103.828164396352,condo
condo1383,1.35198800922459,103.852042784741,condo
condo1384,1.36691571671785,103.881894746832,condo
condo1385,1.31398512036253,103.890945550863,condo
condo1386,1.30998637977856,103.92419284319,condo
condo1387,1.31489164510697,103.855171265151,condo
condo1388,1.33997168505203,103.70549712726,condo
condo1389,1.29856470680807,103.765044530036,condo
condo1390,1.27301233048525,103.828836815653,condo
condo1391,1.32399443513389,103.863546753773,condo
condo1392,1.31847778870769,103.829950585068,condo
condo1393,1.33081037411595,103.867065998586,condo
condo1394,1.31771205897928,103.829154889671,condo
condo1395,1.2953224949112,103.827818619662,condo
condo1396,1.31736627540165,103.829151006468,condo
condo1397,1.34076315278132,103.76993054356,condo
condo1398,1.31608505316302,103.90880066375,condo
condo1399,1.32353748014389,103.848108217465,condo
condo1400,1.31451692746075,103.832206862263,condo
condo1401,1.31367818381624,103.888149505997,condo
condo1402,1.31793519832275,103.911405017563,condo
condo1403,1.31546636181029,103.834295750594,condo
condo1404,1.31501745994075,103.777799437784,condo
condo1405,1.31748051028135,103.755106332065,condo
condo1406,1.36928795201404,103.833369139218,condo
condo1407,1.30967622003781,103.8521942271,condo
condo1408,1.31074797716424,103.876089501846,condo
condo1409,1.31141379857615,103.835966364922,condo
condo1410,1.28783491011902,103.778343299539,condo
condo1411,1.31225825932858,103.888161790535,condo
condo1412,1.30173334500406,103.790000928613,condo
condo1413,1.29904365422678,103.842161186929,condo
condo1414,1.30758107054406,103.899370893579,condo
condo1415,1.30259198993908,103.848946712981,condo
condo1416,1.32104508345244,103.822639719508,condo
condo1417,1.30714337883548,103.840667233363,condo
condo1418,1.33684217543455,103.779313809973,condo
condo1419,1.31687758965946,103.828063463649,condo
condo1420,1.32362413503101,103.806909004363,condo
condo1421,1.44121359373842,103.827784048998,condo
condo1422,1.36544473560131,103.839573124991,condo
condo1423,1.30053440551886,103.888725812189,condo
condo1424,1.3099415336002,103.804957464572,condo
condo1425,1.33075680697436,103.867230643479,condo
condo1426,1.32791955421654,103.86384632382,condo
condo1427,1.35454208143079,103.886327588101,condo
condo1428,1.31185487589454,103.90150044386,condo
condo1429,1.31346334251531,103.904858125607,condo
condo1430,1.32709840708799,103.959449244148,condo
condo1431,1.34386088362378,103.768589874738,condo
condo1432,1.29768110596317,103.889729287279,condo
condo1433,1.32730832840836,103.8644767861,condo
condo1434,1.28519576156367,103.827677219577,condo
condo1435,1.27892037252,103.785351854599,condo
condo1436,1.30368621206662,103.825629004285,condo
condo1437,1.30971379542166,103.893813693492,condo
condo1438,1.32716874474253,103.845518560598,condo
condo1439,1.44416697459835,103.824251535273,condo
condo1440,1.3125776569644,103.886492342637,condo
condo1441,1.32696539864482,103.84367423097,condo
condo1442,1.31537475902919,103.842399874258,condo
condo1443,1.3129065992867,103.825215980773,condo
condo1444,1.29913857279489,103.884875985914,condo
condo1445,1.29092617225007,103.839799908617,condo
condo1446,1.31734637935576,103.778232721046,condo
condo1447,1.31380286104726,103.857763875638,condo
condo1448,1.31031840393479,103.916914120578,condo
condo1449,1.31108630209182,103.904866596934,condo
condo1450,1.3212914342901,103.852179456118,condo
condo1451,1.33936801996841,103.956237439087,condo
condo1452,1.32499291341079,103.863049863163,condo
condo1453,1.35693289291636,103.759575759891,condo
condo1454,1.29725356498255,103.839537166132,condo
condo1455,1.36249366463544,103.765891211125,condo
condo1456,1.31286799330935,103.904607473668,condo
condo1457,1.34543593904394,103.769045411441,condo
condo1458,1.32048441485482,103.824350874397,condo
condo1459,1.31336049179573,103.911481522688,condo
condo1460,1.30602884517571,103.835957725045,condo
condo1461,1.36188087378278,103.881398348867,condo
condo1462,1.312846209179,103.875936321332,condo
condo1463,1.27967720669913,103.792099423759,condo
condo1464,1.32478236985627,103.930570304559,condo
condo1465,1.31873560123225,103.827529090901,condo
condo1466,1.30814098499831,103.819593691426,condo
condo1467,1.31535537044873,103.886535887931,condo
condo1468,1.36169891704105,103.890840106092,condo
condo1469,1.31093019690563,103.925098119709,condo
condo1470,1.32129891836714,103.94399906823,condo
condo1471,1.31463066398432,103.914444947529,condo
condo1472,1.31677222806622,103.878780793591,condo
condo1473,1.31592532071717,103.902987460361,condo
condo1474,1.33005225047298,103.907303877995,condo
condo1475,1.28813624894878,103.778115825202,condo
condo1476,1.31724236939499,103.904690327616,condo
condo1477,1.35924067258841,103.88293220133,condo
condo1478,1.31069520929113,103.893829913531,condo
condo1479,1.3528215273169,103.840916790896,condo
condo1480,1.30797906422485,103.907044223136,condo
condo1481,1.28983034198102,103.831843416909,condo
condo1482,1.31511560847861,103.900276347946,condo
condo1483,1.29410420163928,103.837123249009,condo
condo1484,1.31671012798955,103.911427920628,condo
condo1485,1.32572472557093,103.850395374025,condo
condo1486,1.30888641448774,103.87726882556,condo
condo1487,1.35128440096019,103.927174717066,condo
condo1488,1.36756078777506,103.877602926141,condo
condo1489,1.3050055128388,103.906529227824,condo
condo1490,1.35980182936306,103.965530927223,condo
condo1491,1.3430039675551,103.719009651994,condo
condo1492,1.29997909930352,103.825522814492,condo
condo1493,1.32659730501812,103.811332907782,condo
condo1494,1.33852839196057,103.781770832092,condo
condo1495,1.3132239972353,103.906034490054,condo
condo1496,1.3033743387871,103.790161846932,condo
condo1497,1.35570010961378,103.871986141364,condo
condo1498,1.30376144472777,103.903879270608,condo
condo1499,1.29282033122383,103.823531934289,condo
condo1500,1.32383512178759,103.809999570047,condo
condo1501,1.31698670063917,103.830547014708,condo
condo1502,1.43026847505978,103.826777627864,condo
condo1503,1.36138985785688,103.830878003626,condo
condo1504,1.31719173701184,103.753339679182,condo
condo1505,1.31305098341571,103.902228955303,condo
condo1506,1.31101225037145,103.911042197816,condo
condo1507,1.30231817080686,103.824973438871,condo
condo1508,1.3058630235784,103.854450482479,condo
condo1509,1.30234468524969,103.847116002567,condo
condo1510,1.31896420925062,103.753636743866,condo
condo1511,1.31677542909944,103.943659890764,condo
condo1512,1.31330761763,103.798039271294,condo
condo1513,1.31297420916757,103.903253194597,condo
condo1514,1.32826551427967,103.854154506034,condo
condo1515,1.31355317207797,103.898636949783,condo
condo1516,1.30326050404129,103.789209731059,condo
condo1517,1.33613159487996,103.867988203923,condo
condo1518,1.40345527031329,103.81716606382,condo
condo1519,1.38142173279512,103.890094742691,condo
condo1520,1.32865923404591,103.820422048241,condo
condo1521,1.31721931529554,103.913792041554,condo
condo1522,1.30991066801833,103.801831649403,condo
condo1523,1.36640128944575,103.772610828237,condo
condo1524,1.31812141675131,103.911898307873,condo
condo1525,1.29831083277688,103.856652273902,condo
condo1526,1.29955807731574,103.90152391501,condo
condo1527,1.30099403083671,103.888852616225,condo
condo1528,1.29480058255914,103.821972023459,condo
condo1529,1.30830231683978,103.891697880754,condo
condo1530,1.32241813635493,103.804545295962,condo
condo1531,1.33728050799228,103.725473335024,condo
condo1532,1.32354588911928,103.905454430505,condo
condo1533,1.31232627740589,103.910392393976,condo
condo1534,1.40382670092482,103.908097352795,condo
condo1535,1.30810793174444,103.839546062882,condo
condo1536,1.31259777837018,103.884583890504,condo
condo1537,1.37785629605717,103.957089619973,condo
condo1538,1.29825202663281,103.887049335154,condo
condo1539,1.37885199961642,103.957819286872,condo
condo1540,1.3805811743311,103.892368596692,condo
condo1541,1.31297916397432,103.931027024822,condo
condo1542,1.37482144174585,103.771091373899,condo
condo1543,1.35771438369554,103.866454231883,condo
condo1544,1.31528810526081,103.889430101654,condo
condo1545,1.3069059800853,103.902076705616,condo
condo1546,1.316425631178,103.908664331481,condo
condo1547,1.35573491876364,103.752512524441,condo
condo1548,1.31064572756744,103.906029148071,condo
condo1549,1.30539241248217,103.903484200601,condo
condo1550,1.37834985706372,103.95659135188,condo
condo1551,1.3156928164724,103.841615456446,condo
condo1552,1.3133286779457,103.797417970533,condo
condo1553,1.35228463714463,103.767009318805,condo
condo1554,1.30854402717824,103.908875714181,condo
condo1555,1.2859700639106,103.838491771846,condo
condo1556,1.31236368151801,103.797168759641,condo
condo1557,1.32736646893517,103.851568376064,condo
condo1558,1.3081042500802,103.898755365473,condo
condo1559,1.32333546783284,103.808111227784,condo
condo1560,1.3019783690418,103.839759023416,condo
condo1561,1.31658622093571,103.829235557723,condo
condo1562,1.31335497672775,103.910858221599,condo
condo1563,1.32346821341688,103.807289598901,condo
condo1564,1.36622082116715,103.886004269411,condo
condo1565,1.31228274672898,103.90955975689,condo
condo1566,1.3121264859398,103.842057306332,condo
condo1567,1.30944627972031,103.925025756325,condo
condo1568,1.33167112456526,103.807649020181,condo
condo1569,1.2933581939757,103.830424236672,condo
condo1570,1.30770642748752,103.837966131924,condo
condo1571,1.30847588414399,103.895121639939,condo
condo1572,1.30408327750061,103.836452066827,condo
condo1573,1.29072529149112,103.772114454747,condo
condo1574,1.27565680565263,103.838661742453,condo
condo1575,1.30913347539801,103.827726058096,condo
condo1576,1.41338820667926,103.836126012812,condo
condo1577,1.31209495514939,103.85127364872,condo
condo1578,1.27527115223131,103.83683222505,condo
condo1579,1.29297856291535,103.824279319244,condo
condo1580,1.35859905905298,103.765032922095,condo
condo1581,1.30882948257819,103.86343713826,condo
condo1582,1.29505731783147,103.792814457872,condo
condo1583,1.33769882184991,103.771387968367,condo
condo1584,1.29714903909435,103.891408259725,condo
condo1585,1.29992408165348,103.836416981586,condo
condo1586,1.31271535895398,103.913784894594,condo
condo1587,1.31119207325572,103.85327574283,condo
condo1588,1.32862141664718,103.907010289734,condo
condo1589,1.29942801027084,103.831629627646,condo
condo1590,1.30994722970191,103.795002039499,condo
condo1591,1.32551693484516,103.889903603926,condo
condo1592,1.31236620430094,103.912225798226,condo
condo1593,1.30399053732399,103.829729840752,condo
condo1594,1.34206867721839,103.841077228125,condo
condo1595,1.309917518417,103.894838452185,condo
condo1596,1.33049374673132,103.866847859959,condo
condo1597,1.31085664820262,103.896655297649,condo
condo1598,1.30626330955029,103.836260973088,condo
condo1599,1.31518001439054,103.856061358444,condo
condo1600,1.31880224228412,103.845318707665,condo
condo1601,1.31285819678955,103.848370102705,condo
condo1602,1.3138786395747,103.829773330175,condo
condo1603,1.31306161273381,103.804647627086,condo
condo1604,1.32356017570747,103.849109072916,condo
condo1605,1.27462245416877,103.845525426538,condo
condo1606,1.31358953150158,103.858888556562,condo
condo1607,1.32252785904114,103.757584813176,condo
condo1608,1.38196577099896,103.834569911036,condo
condo1609,1.38922907015124,103.862000013603,condo
condo1610,1.31265235744156,103.881841478132,condo
condo1611,1.32404093093057,103.851081000091,condo
condo1612,1.31489582947497,103.807071255199,condo
condo1613,1.31383593394785,103.929588451107,condo
condo1614,1.30777710184092,103.904380613038,condo
condo1615,1.31365569116404,103.939090715487,condo
condo1616,1.30717887298465,103.828469994324,condo
condo1617,1.34961877782538,103.882000229894,condo
condo1618,1.3166511060398,103.830708586006,condo
condo1619,1.36074531809769,103.891985875555,condo
condo1620,1.30756108101684,103.903479641307,condo
condo1621,1.30914888602049,103.838010317853,condo
condo1622,1.32502203689022,103.849099034618,condo
condo1623,1.33548367558967,103.805013946834,condo
condo1624,1.38900165033246,103.860786121723,condo
condo1625,1.34502932055631,103.76800045525,condo
condo1626,1.35594171176111,103.741127005764,condo
condo1627,1.31325653745339,103.826539596595,condo
condo1628,1.36001603205548,103.87477128837,condo
condo1629,1.31871181570346,103.849669528243,condo
condo1630,1.30326089932611,103.89995137284,condo
condo1631,1.28220135422008,103.803023756097,condo
condo1632,1.29741866546275,103.876620625504,condo
condo1633,1.37617894362447,103.941211187036,condo
condo1634,1.31519496465052,103.88657401161,condo
condo1635,1.31748692341797,103.904124294029,condo
condo1636,1.31119219091346,103.858503929457,condo
condo1637,1.29824018210274,103.886163635826,condo
condo1638,1.31444000148435,103.882324003158,condo
condo1639,1.30324012981857,103.846773407007,condo
condo1640,1.27224289288465,103.827478990765,condo
condo1641,1.28249458743209,103.831004807306,condo
condo1642,1.31647752400492,103.857750849922,condo
condo1643,1.31291563993984,103.856924681278,condo
condo1644,1.39666568324455,103.913232871898,condo
condo1645,1.34481825847721,103.87123873961,condo
condo1646,1.31575308579149,103.802182848434,condo
condo1647,1.312255052662,103.931772326684,condo
condo1648,1.29578197832221,103.832416192541,condo
condo1649,1.32556453068086,103.846504994029,condo
condo1650,1.30950544505901,103.911289279494,condo
condo1651,1.31585063954726,103.79861022561,condo
condo1652,1.31541313542995,103.907986439428,condo
condo1653,1.32120450199924,103.821565541132,condo
condo1654,1.30550130362541,103.905768450199,condo
condo1655,1.36573663763964,103.874422420465,condo
condo1656,1.31478248467403,103.886133773068,condo
condo1657,1.31600382374807,103.862249347061,condo
condo1658,1.32188028968075,103.947114661697,condo
condo1659,1.32656203245391,103.863658971562,condo
condo1660,1.38509631948606,103.833849401084,condo
condo1661,1.27926961664256,103.785005847857,condo
condo1662,1.30046722214033,103.830587889586,condo
condo1663,1.32441624017727,103.85260347559,condo
condo1664,1.29021709465435,103.8050787611,condo
condo1665,1.31232804035988,103.903812210573,condo
condo1666,1.34419070375189,103.733361790993,condo
condo1667,1.31734400609436,103.83355760809,condo
condo1668,1.32155291219045,103.852891066116,condo
condo1669,1.32810062850729,103.842349999219,condo
condo1670,1.28029319166185,103.793605660121,condo
condo1671,1.33015670911184,103.639813026933,condo
condo1672,1.31680580272906,103.828799237995,condo
condo1673,1.29298775382221,103.851046829843,condo
condo1674,1.33750931676913,103.93139040424,condo
condo1675,1.31058585529316,103.902764178,condo
condo1676,1.29571705287656,103.839861034802,condo
condo1677,1.30263281181216,103.898397980442,condo
condo1678,1.31312519718196,103.926325734684,condo
condo1679,1.31042398715597,103.827913403265,condo
condo1680,1.32041601736618,103.942732310081,condo
condo1681,1.32370418789651,103.754901014036,condo
condo1682,1.27461794103822,103.844319553688,condo
condo1683,1.31548636640318,103.899602751565,condo
condo1684,1.30505900921312,103.83923580687,condo
condo1685,1.31435168745936,103.825965464888,condo
condo1686,1.30225395054799,103.839315977866,condo
condo1687,1.31911757962448,103.846655980088,condo
condo1688,1.31496483868511,103.899530731355,condo
condo1689,1.31287346721039,103.909744605996,condo
condo1690,1.30851237701867,103.767085975457,condo
condo1691,1.39126995098286,103.851139499267,condo
condo1692,1.37557855184255,103.903316771617,condo
condo1693,1.31506262218241,103.834741202363,condo
condo1694,1.43268642400774,103.842020129643,condo
condo1695,1.35251320091512,103.864454742991,condo
condo1696,1.312829380594,103.878147917575,condo
condo1697,1.29050566271653,103.822587341402,condo
condo1698,1.29100592388418,103.83595714844,condo
condo1699,1.32109623991499,103.833147095352,condo
condo1700,1.30282682267837,103.898355780325,condo
condo1701,1.31128186114972,103.915308642961,condo
condo1702,1.37260990330902,103.767539950432,condo
condo1703,1.32831073549677,103.914988292704,condo
condo1704,1.34726029144314,103.773320827343,condo
condo1705,1.31214958356147,103.93746826206,condo
condo1706,1.29384907556166,103.821581749873,condo
condo1707,1.31749733100611,103.831624131657,condo
condo1708,1.32586291679013,103.846541991124,condo
condo1709,1.32084379385904,103.823206216568,condo
condo1710,1.31242688268348,103.841064338246,condo
condo1711,1.39330438365601,103.912130617791,condo
condo1712,1.29154211888766,103.771165065693,condo
condo1713,1.34330642786718,103.768846834849,condo
condo1714,1.27063035104877,103.814074881435,condo
condo1715,1.31810648379071,103.826165641799,condo
condo1716,1.3592357565259,103.832368846087,condo
condo1717,1.32660081588209,103.861958241686,condo
condo1718,1.31682151356259,103.783559539532,condo
condo1719,1.30953812077314,103.806260290037,condo
condo1720,1.3190176730728,103.755388707622,condo
condo1721,1.31606417370787,103.839492972674,condo
condo1722,1.30322796530206,103.836680361524,condo
condo1723,1.31640485669867,103.887906763671,condo
condo1724,1.34835854291761,103.783771348059,condo
condo1725,1.35994826177652,103.830129923282,condo
condo1726,1.30996393214841,103.796330683977,condo
condo1727,1.38572990744435,103.834582217675,condo
condo1728,1.35499609716211,103.878112052956,condo
condo1729,1.30784322390647,103.862125165082,condo
condo1730,1.29438518375248,103.8560297971,condo
condo1731,1.2934966639073,103.8381049101,condo
condo1732,1.32342818718207,103.854060197812,condo
condo1733,1.35466902496424,103.830919782333,condo
condo1734,1.31270763418218,103.904671198022,condo
condo1735,1.3112844032004,103.881516089364,condo
condo1736,1.31049647245788,103.897501382008,condo
condo1737,1.37525509538558,103.75810356719,condo
condo1738,1.2969868735353,103.841165047173,condo
condo1739,1.36128256083907,103.887841093656,condo
condo1740,1.34706437441203,103.790015487845,condo
condo1741,1.29474611826682,103.806830290183,condo
condo1742,1.31265215320452,103.828026963441,condo
condo1743,1.34452793127633,103.874714852836,condo
condo1744,1.29454673971311,103.827582957488,condo
condo1745,1.34547764534784,103.872745298847,condo
condo1746,1.3008190925007,103.903745761098,condo
condo1747,1.31343809193913,103.91201252096,condo
condo1748,1.32881085144508,103.795747807332,condo
condo1749,1.32731952558617,103.812831770778,condo
condo1750,1.37327042986088,103.902580589142,condo
condo1751,1.3062594745668,103.834620885952,condo
condo1752,1.30198874054112,103.84833109795,condo
condo1753,1.32953390607024,103.795231715299,condo
condo1754,1.36106278251276,103.969953491394,condo
condo1755,1.31802199387753,103.851593706635,condo
condo1756,1.30964595890626,103.835867406972,condo
condo1757,1.29807699839594,103.833692864625,condo
condo1758,1.27036805401918,103.824711941688,condo
condo1759,1.33713942618185,103.768192570509,condo
condo1760,1.30349534103052,103.905253211146,condo
condo1761,1.31048648105236,103.893823763306,condo
condo1762,1.35077395739952,103.880080936615,condo
condo1763,1.29763848883386,103.837696742648,condo
condo1764,1.32467146475006,103.853910277516,condo
condo1765,1.3109833552036,103.924308460541,condo
condo1766,1.31110520895268,103.827630015423,condo
condo1767,1.32635638132432,103.850660162189,condo
condo1768,1.3084204490259,103.900746555241,condo
condo1769,1.27948670070186,103.785756186651,condo
condo1770,1.32112663542292,103.957520577028,condo
condo1771,1.33502891625808,103.808346449812,condo
condo1772,1.2885451223846,103.792354482529,condo
condo1773,1.35368935227134,103.82883382115,condo
condo1774,1.33762992598387,103.920286270584,condo
condo1775,1.30051700920519,103.79897627676,condo
condo1776,1.29087074155662,103.770066563415,condo
condo1777,1.35085299679097,103.88632991316,condo
condo1778,1.34133334202695,103.77234396073,condo
condo1779,1.32153103027228,103.95592400669,condo
condo1780,1.33921171778687,103.787734586051,condo
condo1781,1.31193961236165,103.799346050449,condo
condo1782,1.31608075312341,103.890484723984,condo
condo1783,1.27580060851268,103.862936192351,condo
condo1784,1.29853916273521,103.851856012904,condo
condo1785,1.39556990952056,103.744332777955,condo
condo1786,1.30448053823077,103.791721259543,condo
condo1787,1.37024348378319,103.767750279296,condo
condo1788,1.30718324095372,103.829514853918,condo
condo1789,1.32832481094821,103.811700132613,condo
condo1790,1.30681455140449,103.83161179273,condo
condo1791,1.32263347832092,103.824610335486,condo
condo1792,1.30695019942492,103.802462265599,condo
condo1793,1.29926830843736,103.81385447487,condo
condo1794,1.28224701621897,103.783453562772,condo
condo1795,1.4005984856905,103.898920189353,condo
condo1796,1.39151464787176,103.850733365532,condo
condo1797,1.31616810157098,103.889561883558,condo
condo1798,1.30631203112933,103.864308334438,condo
condo1799,1.31070547627456,103.906123974871,condo
condo1800,1.32911467852282,103.864504469886,condo
condo1801,1.31923224405199,103.8280620023,condo
condo1802,1.36250420846593,103.884166719939,condo
condo1803,1.31173220137326,103.895371465413,condo
condo1804,1.32492428414092,103.86440663349,condo
condo1805,1.29971617660023,103.763834786591,condo
condo1806,1.31146740388586,103.799183816163,condo
condo1807,1.29880377898096,103.896487193598,condo
condo1808,1.3069779655433,103.82921413868,condo
condo1809,1.32780261054111,103.946478827008,condo
condo1810,1.30846017296762,103.830642263702,condo
condo1811,1.29317699902282,103.767729669518,condo
condo1812,1.37517614164939,103.847009841924,condo
condo1813,1.31499758854898,103.884476668917,condo
condo1814,1.30713480971069,103.822118776986,condo
condo1815,1.31497453024316,103.904958377267,condo
condo1816,1.35363968003849,103.929080980775,condo
condo1817,1.35666433039145,103.966122818467,condo
condo1818,1.28984504265761,103.840311300485,condo
condo1819,1.32627973484674,103.907811483759,condo
condo1820,1.31710864002609,103.842743087159,condo
condo1821,1.30336514480079,103.901974130297,condo
condo1822,1.31960124216647,103.814629826398,condo
condo1823,1.30635916368282,103.88705800836,condo
condo1824,1.33885390897837,103.769182996429,condo
condo1825,1.30335962300903,103.903885730249,condo
condo1826,1.31293221168237,103.827615608945,condo
condo1827,1.37905482184639,103.961097744973,condo
condo1828,1.30464484865419,103.84052736264,condo
condo1829,1.30801320570611,103.906611375378,condo
condo1830,1.31711498557751,103.834350971597,condo
condo1831,1.31520905789978,103.854919307157,condo
condo1832,1.36227688995884,103.89132907421,condo
condo1833,1.31085326886181,103.913484889321,condo
condo1834,1.32787978120595,103.775991365065,condo
condo1835,1.30761926929635,103.899715431817,condo
condo1836,1.31213522058592,103.799011037531,condo
condo1837,1.32709863575898,103.86606572723,condo
condo1838,1.34450877509226,103.767604923335,condo
condo1839,1.3086843324857,103.801689082774,condo
condo1840,1.30695223756533,103.899103154418,condo
condo1841,1.38559144181968,103.834012429317,condo
condo1842,1.32618042363931,103.881749767063,condo
condo1843,1.29640300522907,103.829758292446,condo
condo1844,1.34137140164237,103.776905804914,condo
condo1845,1.31048525577726,103.909268083975,condo
condo1846,1.31061812912929,103.876727965474,condo
condo1847,1.35748115260584,103.760981888831,condo
condo1848,1.30751139870451,103.899998747467,condo
condo1849,1.38896258025816,103.857267266139,condo
condo1850,1.32964410279631,103.869233112933,condo
condo1851,1.29973919380889,103.852196307383,condo
condo1852,1.31641321892509,103.757451263299,condo
condo1853,1.31291902869754,103.796984203708,condo
condo1854,1.35693833011762,103.876569459148,condo
condo1855,1.3138084547764,103.905811750919,condo
condo1856,1.32930490165283,103.811999217829,condo
condo1857,1.41104826332535,103.832513245026,condo
condo1858,1.27711736000318,103.845790152215,condo
condo1859,1.34443842966792,103.8675267343,condo
condo1860,1.30277612366385,103.846570976791,condo
condo1861,1.36399021198326,103.769490863678,condo
condo1862,1.30267872582258,103.849308090319,condo
condo1863,1.32899344664489,103.91347731741,condo
condo1864,1.29654740365131,103.834312625459,condo
condo1865,1.31544838531983,103.840354841468,condo
condo1866,1.42726580313582,103.784366789025,condo
condo1867,1.30505061371051,103.826332976548,condo
condo1868,1.33990853882395,103.767523150763,condo
condo1869,1.31568116603931,103.845032960491,condo
condo1870,1.31525700666637,103.80869896485,condo
condo1871,1.28106955986155,103.790202122494,condo
condo1872,1.32302236265371,103.851021455853,condo
condo1873,1.35200745401591,103.837031862103,condo
condo1874,1.3180672677589,103.908811491066,condo
condo1875,1.28499003747026,103.82889598252,condo
condo1876,1.31027747574118,103.795371163103,condo
condo1877,1.3620535018461,103.874244125204,condo
condo1878,1.36587541119684,103.842189534654,condo
condo1879,1.32161511306166,103.864370653972,condo
condo1880,1.29884647201804,103.837351959315,condo
condo1881,1.35900307841177,103.96686932054,condo
condo1882,1.29719576411521,103.831464012575,condo
condo1883,1.30308236254436,103.865743137914,condo
condo1884,1.35097219010643,103.865462244407,condo
condo1885,1.36556136089673,103.882216140919,condo
condo1886,1.3146418436756,103.846342585739,condo
condo1887,1.34440319329816,103.768395045596,condo
condo1888,1.32052452699851,103.852447326986,condo
condo1889,1.29306116495634,103.82648039454,condo
condo1890,1.2689003201228,103.824635539269,condo
condo1891,1.33164133751616,103.807082527595,condo
condo1892,1.27816607365377,103.794359870718,condo
condo1893,1.31224551080103,103.896023408821,condo
condo1894,1.31495935076574,103.85355608987,condo
condo1895,1.31330977753173,103.940409438136,condo
condo1896,1.29653566001892,103.83517945905,condo
condo1897,1.326118367553,103.853496019619,condo
condo1898,1.3071586734121,103.899082907118,condo
condo1899,1.30851030840347,103.837972449413,condo
condo1900,1.38957895514128,103.895480900558,condo
condo1901,1.31428162393102,103.848174258592,condo
condo1902,1.3308900874542,103.86689665078,condo
condo1903,1.31060237610127,103.893263790865,condo
condo1904,1.36774172659847,103.869325767023,condo
condo1905,1.31749532301993,103.80796658755,condo
condo1906,1.30894544550449,103.905117676442,condo
condo1907,1.31983134095207,103.912406876927,condo
condo1908,1.31090213085568,103.903384181408,condo
condo1909,1.35943786879643,103.762932528768,condo
condo1910,1.32756140104682,103.843705507242,condo
condo1911,1.28242083270185,103.783142732009,condo
condo1912,1.29904107981669,103.856651031974,condo
condo1913,1.29647219511777,103.891034649257,condo
condo1914,1.31173462254903,103.87881521885,condo
condo1915,1.30800277782902,103.831694808896,condo
condo1916,1.32776719893522,103.84161445288,condo
condo1917,1.30984313480362,103.808136965462,condo
condo1918,1.36652661429401,103.875828348014,condo
condo1919,1.29868831359876,103.884853403453,condo
condo1920,1.31131608082757,103.884615884842,condo
condo1921,1.3630911955449,103.883684814227,condo
condo1922,1.31074029107288,103.909692372634,condo
condo1923,1.30045416929672,103.829803686142,condo
condo1924,1.36380731227038,103.828522516828,condo
condo1925,1.29586840547876,103.829376171741,condo
condo1926,1.28618901369947,103.785635666784,condo
condo1927,1.33241124364797,103.792061543626,condo
condo1928,1.3216258845396,103.852170059769,condo
condo1929,1.30941005472732,103.828468419452,condo
condo1930,1.31588531707827,103.827486151573,condo
condo1931,1.38043151899925,103.944064673942,condo
condo1932,1.31367620580123,103.849508320788,condo
condo1933,1.32420309927884,103.8061775148,condo
condo1934,1.31417031455963,103.883562175927,condo
condo1935,1.36832364019818,103.882166255455,condo
condo1936,1.31139887994503,103.879671115715,condo
condo1937,1.31568887219293,103.832317948898,condo
condo1938,1.31120142319915,103.939320687818,condo
condo1939,1.31898626580253,103.848557646931,condo
condo1940,1.29902512071816,103.836255112727,condo
condo1941,1.31316989397542,103.828975865547,condo
condo1942,1.38321784414375,103.884738933129,condo
condo1943,1.29095103716645,103.817000265618,condo
condo1944,1.32601051852888,103.851626759554,condo
condo1945,1.2949260365119,103.838947184938,condo
condo1946,1.30816131286707,103.904983491936,condo
condo1947,1.36584849907494,103.884856327883,condo
condo1948,1.31846830438556,103.761614078737,condo
condo1949,1.36057565431408,103.947725887411,condo
condo1950,1.36478651146586,103.764763618001,condo
condo1951,1.31328174728474,103.904852255354,condo
condo1952,1.31297838670543,103.877757621351,condo
condo1953,1.31665012474217,103.832715915545,condo
condo1954,1.27421368099874,103.844183737234,condo
condo1955,1.29872414233917,103.897227038286,condo
condo1956,1.30376655553905,103.830033474096,condo
condo1957,1.29876714993881,103.831774344575,condo
condo1958,1.37250968827707,103.828191414851,condo
condo1959,1.31189201236502,103.88357993487,condo
condo1960,1.3270913316471,103.841978573745,condo
condo1961,1.37194198889682,103.941824056122,condo
condo1962,1.32420580518988,103.85247150073,condo
condo1963,1.31354755243521,103.803189596153,condo
condo1964,1.30847014866947,103.89952410597,condo
condo1965,1.33244900394961,103.789798708847,condo
condo1966,1.31507578093932,103.943138987244,condo
condo1967,1.31392447346417,103.830437709726,condo
condo1968,1.31620262071228,103.831319643036,condo
condo1969,1.31273862337468,103.815254098559,condo
condo1970,1.32084738310537,103.950983745787,condo
condo1971,1.27929478959373,103.850552555075,condo
condo1972,1.29263680036305,103.830568078703,condo
condo1973,1.33375154005357,103.811968200223,condo
condo1974,1.32751915623427,103.867298187961,condo
condo1975,1.30741544249629,103.911162786073,condo
condo1976,1.35984838451574,103.876534204601,condo
condo1977,1.30156333624985,103.847382274312,condo
condo1978,1.26616097311498,103.815164771049,condo
condo1979,1.29840164434192,103.835357288285,condo
condo1980,1.28497943108466,103.84256768083,condo
condo1981,1.3448577606174,103.872034279814,condo
condo1982,1.3581246384895,103.763661480386,condo
condo1983,1.31565625391676,103.919245736107,condo
condo1984,1.27590527977714,103.841819692996,condo
condo1985,1.31838080857229,103.788971482095,condo
condo1986,1.37648948471679,103.961327139989,condo
condo1987,1.31818439913906,103.846394220029,condo
condo1988,1.31728733135929,103.759126228534,condo
condo1989,1.32497382746308,103.851426970348,condo
condo1990,1.34528744447148,103.868946672837,condo
condo1991,1.29740753807852,103.875438146635,condo
condo1992,1.3061497697295,103.899986907441,condo
condo1993,1.36876617668116,103.777059431418,condo
condo1994,1.36403621958751,103.879389994399,condo
condo1995,1.31467959210646,103.860220408302,condo
condo1996,1.31222193982018,103.904564129604,condo
condo1997,1.29003067053998,103.817185273903,condo
condo1998,1.31790382404123,103.847428354915,condo
condo1999,1.31197297031285,103.903543629657,condo
condo2000,1.29674185934241,103.836883724004,condo
condo2001,1.38399245237174,103.83583455152,condo
condo2002,1.3133350986259,103.897675931626,condo
condo2003,1.34082770311651,103.774215677961,condo
condo2004,1.29537581262615,103.828484302476,condo
condo2005,1.29034400130683,103.836459262286,condo
condo2006,1.31805872665983,103.844682051372,condo
condo2007,1.3278651540266,103.945475634108,condo
condo2008,1.31574159945134,103.901092963724,condo
condo2009,1.29128650817015,103.840480166834,condo
condo2010,1.31051480508427,103.821150135972,condo
condo2011,1.38029080909587,103.964674596342,condo
condo2012,1.31501566171397,103.943470472129,condo
condo2013,1.27980322314972,103.78590960328,condo
condo2014,1.35181485383899,103.838298222332,condo
condo2015,1.32026960413476,103.775928436906,condo
condo2016,1.31469085135706,103.754968287516,condo
condo2017,1.31097870199612,103.884553822175,condo
condo2018,1.30827257763047,103.919003097595,condo
condo2019,1.32637508646677,103.8621423703,condo
condo2020,1.31740976334811,103.844913840423,condo
condo2021,1.35538775194974,103.877259450345,condo
condo2022,1.32619487244445,103.851066785455,condo
condo2023,1.31115202963177,103.876674762958,condo
condo2024,1.31076356002808,103.852952752941,condo
condo2025,1.31206999136037,103.883562422294,condo
condo2026,1.3562450726581,103.764691301289,condo
condo2027,1.34173889849205,103.77285017334,condo
condo2028,1.30293407693154,103.826949603307,condo
condo2029,1.34431210696581,103.770258107202,condo
condo2030,1.35995963728093,103.845377097892,condo
condo2031,1.30262568101808,103.853415443436,condo
condo2032,1.31012700527051,103.910401565081,condo
condo2033,1.35401739930144,103.760788998036,condo
condo2034,1.31368235479563,103.906155072881,condo
condo2035,1.37234730448592,103.945605890775,condo
condo2036,1.29371532764206,103.837276710508,condo
condo2037,1.32023154641155,103.808969998206,condo
condo2038,1.30759137760292,103.915607991708,condo
condo2039,1.31258887477104,103.857214433401,condo
condo2040,1.31550047383755,103.825624186108,condo
condo2041,1.31032066930575,103.838400921041,condo
condo2042,1.31404986796426,103.839452778834,condo
condo2043,1.32272793298026,103.847658788312,condo
condo2044,1.27962134061409,103.849279955909,condo
condo2045,1.40296875554857,103.818312896668,condo
condo2046,1.34757418160188,103.843499822381,condo
condo2047,1.30812643020778,103.761111327647,condo
condo2048,1.37370173241101,103.765704839511,condo
condo2049,1.31256481224506,103.897986495436,condo
condo2050,1.31037982893513,103.911393688133,condo
condo2051,1.3163505230505,103.885938847008,condo
condo2052,1.29783147778951,103.886178949925,condo
condo2053,1.31958148420225,103.840308578913,condo
condo2054,1.30716413576698,103.929272210552,condo
condo2055,1.38563280429616,103.83658372034,condo
condo2056,1.31578022165817,103.890338973057,condo
condo2057,1.29510639772836,103.837908586809,condo
condo2058,1.31246173086025,103.827302948052,condo
condo2059,1.34133453950567,103.717158279023,condo
condo2060,1.31205928208952,103.924449849436,condo
condo2061,1.31475985041939,103.854404848638,condo
condo2062,1.26993659120431,103.821695742609,condo
condo2063,1.30693743456241,103.847015585508,condo
condo2064,1.38468098424872,103.748401451758,condo
condo2065,1.29140880291636,103.800927583276,condo
condo2066,1.30653182398713,103.900986985644,condo
condo2067,1.31467262956125,103.839010845653,condo
condo2068,1.3162773675544,103.845724040655,condo
condo2069,1.31834303213618,103.941364027549,condo
condo2070,1.36024858909181,103.963296618871,condo
condo2071,1.31892949488305,103.760331148816,condo
condo2072,1.31141122410644,103.892527745527,condo
condo2073,1.34440267692475,103.866276528364,condo
condo2074,1.31961164929376,103.754330936499,condo
condo2075,1.38895531783981,103.885832509901,condo
condo2076,1.2964222887808,103.872868698955,condo
condo2077,1.29123419998705,103.76933030729,condo
condo2078,1.33657351759693,103.780297255982,condo
condo2079,1.32638091456349,103.86384065497,condo
condo2080,1.38555516336432,103.745261508747,condo
condo2081,1.33431017803422,103.739636644243,condo
condo2082,1.28275382565309,103.785347646917,condo
condo2083,1.30888033355997,103.895500347252,condo
condo2084,1.31650088287038,103.84132598853,condo
condo2085,1.30531788177768,103.906821767008,condo
condo2086,1.30231590504573,103.862331661034,condo
condo2087,1.30883087550059,103.837130247196,condo
condo2088,1.31286356090437,103.876581802748,condo
condo2089,1.31205162480465,103.893223633222,condo
condo2090,1.36951715154198,103.827862392894,condo
condo2091,1.30917604327401,103.911351983658,condo
condo2092,1.29635666439809,103.85736876917,condo
condo2093,1.30924882698649,103.907815769246,condo
condo2094,1.31014647625515,103.909794520776,condo
condo2095,1.34275276797807,103.950195189768,condo
condo2096,1.31292512986857,103.848899555982,condo
condo2097,1.29130379243474,103.807350978054,condo
condo2098,1.31780091416565,103.842313806169,condo
condo2099,1.337684398384,103.780147954617,condo
condo2100,1.31883719877917,103.87963409453,condo
condo2101,1.36953376586593,103.899580575626,condo
condo2102,1.30741120854392,103.809320191854,condo
condo2103,1.30822750180681,103.803741520408,condo
condo2104,1.31447123781646,103.895033794499,condo
condo2105,1.31683501739239,103.910080618576,condo
condo2106,1.31223388473672,103.909394998258,condo
condo2107,1.31536544460754,103.902757865635,condo
condo2108,1.33593527215089,103.799764838995,condo
condo2109,1.31393720763458,103.905968374784,condo
condo2110,1.32129563232502,103.852526109528,condo
condo2111,1.30308258890109,103.829026886185,condo
condo2112,1.31390006507675,103.893617178884,condo
condo2113,1.29962022781589,103.860647264964,condo
condo2114,1.27426245685335,103.846025087372,condo
condo2115,1.30412706743473,103.847054206873,condo
condo2116,1.35231665677767,103.850719244155,condo
condo2117,1.28198287775746,103.826289547194,condo
condo2118,1.31180634319888,103.797505817123,condo
condo2119,1.36686425410783,103.941289145387,condo
condo2120,1.37710445414356,103.744900834921,condo
condo2121,1.3649231962434,103.889379532965,condo
condo2122,1.31435155989455,103.926635128506,condo
condo2123,1.27548014509447,103.844533000164,condo
condo2124,1.30964956283877,103.800870514368,condo
condo2125,1.30711220425558,103.823540303792,condo
condo2126,1.31626271415845,103.825189618179,condo
condo2127,1.37284941610316,103.877603497,condo
condo2128,1.42866319767121,103.835828704052,condo
condo2129,1.29983720291661,103.888741199114,condo
condo2130,1.3791551466529,103.960109613673,condo
condo2131,1.31491462017223,103.83968771671,condo
condo2132,1.34693794911758,103.789772107923,condo
condo2133,1.29055340203602,103.81563289788,condo
condo2134,1.28310984329147,103.783332794029,condo
condo2135,1.3462198480104,103.871951011761,condo
condo2136,1.35539208573333,103.931435619129,condo
condo2137,1.30592650396308,103.899801800469,condo
condo2138,1.29928124298056,103.829164712225,condo
condo2139,1.31225854673977,103.884662481524,condo
condo2140,1.33056250388713,103.86788498045,condo
condo2141,1.32505423485581,103.863915190055,condo
condo2142,1.31329607797031,103.935410576575,condo
condo2143,1.30450604646634,103.833962339817,condo
condo2144,1.27352714257757,103.843923350854,condo
condo2145,1.2734661134853,103.845580792511,condo
condo2146,1.31420720603902,103.882677364834,condo
condo2147,1.30130775979664,103.900101371452,condo
condo2148,1.3145819839673,103.886269724851,condo
condo2149,1.3139281583716,103.87898672052,condo
condo2150,1.33742586449106,103.932527588992,condo
condo2151,1.3278356548858,103.812234495947,condo
condo2152,1.31221104514144,103.886520466932,condo
condo2153,1.31086615714413,103.910351828695,condo
condo2154,1.31395207518313,103.824324940951,condo
condo2155,1.3392941779307,103.769504574592,condo
condo2156,1.30496278948447,103.836407903907,condo
condo2157,1.41296690976325,103.872710743136,condo
condo2158,1.32297698121569,103.852811354547,condo
condo2159,1.30203939289866,103.846841997611,condo
condo2160,1.28070938808957,103.785323249072,condo
condo2161,1.30984277725756,103.902725334005,condo
condo2162,1.33933394041963,103.767330021841,condo
condo2163,1.4428170077791,103.824737654777,condo
condo2164,1.30877603374417,103.818780483991,condo
condo2165,1.35780270612077,103.881045556929,condo
condo2166,1.31752394575984,103.842846935114,condo
condo2167,1.31867086017155,103.906553023224,condo
condo2168,1.30319452443647,103.829984906389,condo
condo2169,1.3123325033827,103.932400754982,condo
condo2170,1.31756869967119,103.841183539314,condo
condo2171,1.2884862000316,103.844049441363,condo
condo2172,1.33265404976407,103.941967252939,condo
condo2173,1.27785386514379,103.84227791037,condo
condo2174,1.30700690445532,103.821279952732,condo
condo2175,1.31013061106888,103.877075411974,condo
condo2176,1.31305327939456,103.847585369175,condo
condo2177,1.35615002216136,103.741635743407,condo
condo2178,1.30207416743824,103.847440560966,condo
condo2179,1.32696389310037,103.850111651353,condo
condo2180,1.35880965015328,103.962752963686,condo
condo2181,1.36230952965649,103.873853433408,condo
condo2182,1.31585875980621,103.84033274534,condo
condo2183,1.31352657764499,103.888547680917,condo
condo2184,1.29727294661043,103.838940257017,condo
condo2185,1.31156422500946,103.883576001591,condo
condo2186,1.31727235412007,103.838846441924,condo
condo2187,1.31404666379164,103.914670735105,condo
condo2188,1.3589960106353,103.878299065035,condo
condo2189,1.31244454232324,103.884576516653,condo
condo2190,1.36557469189256,103.893551862143,condo
condo2191,1.31559997820356,103.851787324083,condo
condo2192,1.33003597946809,103.86835213611,condo
condo2193,1.33683710958151,103.871683990431,condo
condo2194,1.31734251685573,103.84064859753,condo
condo2195,1.35754109231251,103.760408831478,condo
condo2196,1.33673935083253,103.782820735846,condo
condo2197,1.32751838640442,103.849853998922,condo
condo2198,1.2940511158378,103.839827515576,condo
condo2199,1.31467316091814,103.9044149803,condo
condo2200,1.35883898900628,103.965442105661,condo
condo2201,1.31966969295307,103.910261197479,condo
condo2202,1.33902635197562,103.957216097405,condo
condo2203,1.28998869553165,103.84921712944,condo
condo2204,1.31164464401606,103.805387528034,condo
condo2205,1.30816008690643,103.912217322271,condo
condo2206,1.30156678243621,103.887965104954,condo
condo2207,1.29639111945043,103.834694192111,condo
condo2208,1.2967373465903,103.76819367598,condo
condo2209,1.36290401961155,103.878886421716,condo
condo2210,1.37513322287524,103.757303595176,condo
condo2211,1.36504462755741,103.852136980515,condo
condo2212,1.35722108540727,103.963520543288,condo
condo2213,1.30581843301754,103.824374589976,condo
condo2214,1.27559528527257,103.837559859708,condo
condo2215,1.33116326180603,103.867869780252,condo
condo2216,1.31146361071392,103.910787451343,condo
condo2217,1.29752121665707,103.822894820293,condo
condo2218,1.34205685853415,103.954736264288,condo
condo2219,1.36723934516985,103.877869108023,condo
condo2220,1.32537759323296,103.85401668753,condo
condo2221,1.34579628007765,103.880801954328,condo
condo2222,1.39076674412731,103.836575119952,condo
condo2223,1.28118763392567,103.784414161809,condo
condo2224,1.36497333873933,103.830687158335,condo
condo2225,1.42853654796474,103.79083669818,condo
condo2226,1.3098169954035,103.914314726376,condo
condo2227,1.29414630960587,103.826988034433,condo
condo2228,1.30868551490343,103.839081390501,condo
condo2229,1.30348685424971,103.837444387582,condo
condo2230,1.26618589994556,103.822744661427,condo
condo2231,1.29741131026805,103.830074078008,condo
condo2232,1.31514994452974,103.853478164047,condo
condo2233,1.31481743950624,103.888376977987,condo
condo2234,1.33431391344832,103.807434243123,condo
condo2235,1.35599579763036,103.832216694954,condo
condo2236,1.31348683922849,103.879129246123,condo
condo2237,1.27722425616283,103.853694940241,condo
condo2238,1.34477300646021,103.872318867919,condo
condo2239,1.32030517860825,103.82480838421,condo
condo2240,1.36359889649663,103.974631776257,condo
condo2241,1.32015257058639,103.912727083961,condo
condo2242,1.3118271135396,103.900061145388,condo
condo2243,1.29955526651349,103.82617950871,condo
condo2244,1.30875505812227,103.905636959211,condo
condo2245,1.31562617162614,103.900455995607,condo
condo2246,1.31223185388565,103.915187125833,condo
condo2247,1.31424841580853,103.802131366017,condo
condo2248,1.31358896928795,103.85057390566,condo
condo2249,1.37776271751871,103.957380821299,condo
condo2250,1.31439790095774,103.805164614791,condo
condo2251,1.30167268608664,103.848036171953,condo
condo2252,1.33742074109903,103.846538493576,condo
condo2253,1.3100167617003,103.894020622783,condo
condo2254,1.36208663809612,103.763521075858,condo
condo2255,1.34264214246002,103.716941487641,condo
condo2256,1.34959828680829,103.877939060572,condo
condo2257,1.31578148106134,103.941424516025,condo
condo2258,1.30399925432178,103.822743376755,condo
condo2259,1.30204584534425,103.848101036366,condo
condo2260,1.3783509761617,103.956295113266,condo
condo2261,1.27631281766193,103.840785520685,condo
condo2262,1.32402957234973,103.766298375408,condo
condo2263,1.31263448713718,103.798064584264,condo
condo2264,1.32604750612789,103.907418948375,condo
condo2265,1.30593315955295,103.898469869053,condo
condo2266,1.30638125920607,103.922691190629,condo
condo2267,1.29884376283001,103.883834793855,condo
condo2268,1.30733965013533,103.824356476923,condo
condo2269,1.31408342873893,103.843984943567,condo
condo2270,1.31425465746581,103.890099521558,condo
condo2271,1.31336026870657,103.915311167083,condo
condo2272,1.37191256079902,103.900549498019,condo
condo2273,1.29188180117284,103.838014305218,condo
condo2274,1.30998273445135,103.898643362093,condo
condo2275,1.32562146026034,103.881811611954,condo
condo2276,1.36156729111649,103.885363752044,condo
condo2277,1.3147868971977,103.893472115119,condo
condo2278,1.34182875469514,103.960182979639,condo
condo2279,1.29456208085487,103.827368709132,condo
condo2280,1.30048719019807,103.85788015089,condo
condo2281,1.31693935432289,103.851895065804,condo
condo2282,1.30393331930705,103.829388161578,condo
condo2283,1.35755530701427,103.880781824863,condo
condo2284,1.37550249323484,103.847313857574,condo
condo2285,1.31208149865107,103.885052375181,condo
condo2286,1.38410244227921,103.892705526466,condo
condo2287,1.37704409986356,103.960448985618,condo
condo2288,1.35299132098126,103.758797993835,condo
condo2289,1.30955905953909,103.918348621431,condo
condo2290,1.43488799613013,103.844613461165,condo
condo2291,1.35888577009923,103.762618572073,condo
condo2292,1.30360072008439,103.841116863266,condo
condo2293,1.29488940916719,103.816655765912,condo
condo2294,1.29653126696943,103.893419027469,condo
condo2295,1.33083029463473,103.942876898568,condo
condo2296,1.31509391389297,103.907095875232,condo
condo2297,1.32982544693334,103.799469913283,condo
condo2298,1.32037255609864,103.912642849629,condo
condo2299,1.32987209553022,103.908123975446,condo
condo2300,1.3129501659887,103.905667434406,condo
condo2301,1.30911282141402,103.905436552041,condo
condo2302,1.32379607125113,103.855670620709,condo
condo2303,1.31620128506477,103.83469676258,condo
condo2304,1.30741038948997,103.928133869518,condo
condo2305,1.31533641754335,103.888314189706,condo
condo2306,1.32780887766582,103.906399584482,condo
condo2307,1.34449538843544,103.880552852019,condo
condo2308,1.32473351341035,103.810724749056,condo
condo2309,1.30643705485425,103.907772789585,condo
condo2310,1.32411334495333,103.849040669227,condo
condo2311,1.29522260686662,103.827603338949,condo
condo2312,1.33318447410615,103.844341716537,condo
condo2313,1.35565210357624,103.876015763639,condo
condo2314,1.31324238377307,103.927216765038,condo
condo2315,1.33134255757931,103.792904749865,condo
condo2316,1.34345361531638,103.868857707623,condo
condo2317,1.3601801713498,103.840443376455,condo
condo2318,1.36797019834595,103.892635802385,condo
condo2319,1.3238494392232,103.849267497709,condo
condo2320,1.32408861020575,103.839029089949,condo
condo2321,1.35735941174918,103.9682665243,condo
condo2322,1.30564484991169,103.896865551663,condo
condo2323,1.32352867893535,103.865573948258,condo
condo2324,1.30032021915192,103.885097565645,condo
condo2325,1.340855783603,103.77313936698,condo
condo2326,1.31720027050967,103.840532892335,condo
condo2327,1.33012670355272,103.867597994875,condo
condo2328,1.28912345558753,103.775586391917,condo
condo2329,1.32213342822747,103.853199661872,condo
condo2330,1.35096063593161,103.835503542512,condo
condo2331,1.31585312169369,103.782872020991,condo
condo2332,1.35656375714324,103.876449733958,condo
condo2333,1.31736223877921,103.82875324222,condo
condo2334,1.32532360161851,103.851776439038,condo
condo2335,1.31417574692492,103.849438287463,condo
condo2336,1.33122720403084,103.878925787374,condo
condo2337,1.30634496810252,103.901143407487,condo
condo2338,1.3271864871616,103.850648468442,condo
condo2339,1.33725238503079,103.93426556238,condo
condo2340,1.32277514689737,103.909811553258,condo
condo2341,1.30812038350771,103.837940839529,condo
condo2342,1.3463320293382,103.880240670377,condo
condo2343,1.32231261359708,103.881475142898,condo
condo2344,1.30692988560598,103.839716150584,condo
condo2345,1.32374715619118,103.909135122768,condo
condo2346,1.27458755867343,103.848397025363,condo
condo2347,1.35310655182137,103.769720424411,condo
condo2348,1.27201238848312,103.80851431688,condo
condo2349,1.32210979381602,103.844317495607,condo
condo2350,1.30046079287146,103.901197702292,condo
condo2351,1.31466637815174,103.824900512212,condo
condo2352,1.34041026839543,103.87957658412,condo
condo2353,1.29309229152325,103.840538564538,condo
condo2354,1.31270184017357,103.859968759019,condo
condo2355,1.32590458180222,103.845997985457,condo
condo2356,1.33235257443501,103.945383390117,condo
condo2357,1.36551901651933,103.83137097488,condo
condo2358,1.3050573620098,103.84064004861,condo
condo2359,1.3520262739648,103.757372166153,condo
condo2360,1.31831182509987,103.848635920836,condo
condo2361,1.28094771760363,103.783546603867,condo
condo2362,1.32795516230265,103.842992542295,condo
condo2363,1.33970763311095,103.734697751981,condo
condo2364,1.34092285906123,103.779615890646,condo
condo2365,1.30706075671037,103.9237697621,condo
condo2366,1.29537368057774,103.826206382484,condo
condo2367,1.31284892716775,103.805415948338,condo
condo2368,1.30208598515708,103.849366883599,condo
condo2369,1.29906600768056,103.832068608699,condo
condo2370,1.29613986111385,103.827231791683,condo
condo2371,1.31132969345473,103.87602835242,condo
condo2372,1.31000249820802,103.803634650035,condo
condo2373,1.31099831906299,103.908046890845,condo
condo2374,1.31415835134435,103.884949577853,condo
condo2375,1.36711370953872,103.868098259807,condo
condo2376,1.32809614767202,103.81198826246,condo
condo2377,1.35816624268405,103.881182455343,condo
condo2378,1.31585431801417,103.784629202209,condo
condo2379,1.29775245086994,103.856949531399,condo
condo2380,1.40487805504685,103.818088178825,condo
condo2381,1.32505922571436,103.849312488412,condo
condo2382,1.33893432119706,103.950329437019,condo
condo2383,1.30955311261014,103.852103645749,condo
condo2384,1.29719285545648,103.837470929944,condo
condo2385,1.29106611229714,103.834498891605,condo
condo2386,1.42690781299771,103.826051896017,condo
condo2387,1.32614172169143,103.863668011941,condo
condo2388,1.35368823040023,103.876444615904,condo
condo2389,1.3728690802455,103.948322385512,condo
condo2390,1.33570859607444,103.692384325863,condo
condo2391,1.37992376908674,103.887491361899,condo
condo2392,1.28845742826023,103.777344346542,condo
condo2393,1.3176992370965,103.832340224879,condo
condo2394,1.32294030267409,103.802594716268,condo
condo2395,1.29758995084157,103.839605280604,condo
condo2396,1.28191694352023,103.785707663012,condo
condo2397,1.36563048659244,103.885922308335,condo
condo2398,1.32230165647302,103.852443175703,condo
condo2399,1.43946983219602,103.831017830402,condo
condo2400,1.3065583845328,103.899980188806,condo
condo2401,1.36649808851564,103.882288778496,condo
condo2402,1.316014588469,103.885305865351,condo
condo2403,1.28168659607272,103.786723137986,condo
condo2404,1.32857368289517,103.945686957771,condo
condo2405,1.32226659660897,103.944669321079,condo
condo2406,1.3966501541936,103.87821408445,condo
condo2407,1.31350790003335,103.928148923304,condo
condo2408,1.29299604681606,103.805665563173,condo
condo2409,1.30075481851819,103.824657220538,condo
condo2410,1.31079169432658,103.91006352809,condo
condo2411,1.32910440974561,103.814430421018,condo
condo2412,1.32622555347597,103.847000598534,condo
condo2413,1.31111580692247,103.876068248261,condo
condo2414,1.3272741656029,103.865610465124,condo
condo2415,1.29877526009797,103.888517626802,condo
condo2416,1.31369315585356,103.840387458086,condo
condo2417,1.2994553262904,103.884343224781,condo
condo2418,1.34659866286059,103.766281026865,condo
condo2419,1.33259772264628,103.886654330662,condo
condo2420,1.34036185896759,103.883846444139,condo
condo2421,1.37908988698315,103.960558475679,condo
condo2422,1.31814186950603,103.839151085711,condo
condo2423,1.33445194935081,103.779519409773,condo
condo2424,1.31961486592659,103.845969245127,condo
condo2425,1.29647901857591,103.866418858244,condo
condo2426,1.28162632104242,103.784869452404,condo
condo2427,1.34517702414227,103.773389778832,condo
condo2428,1.27925056413254,103.787154334976,condo
condo2429,1.31110937477676,103.873025954425,condo
condo2430,1.33701921598054,103.921576589266,condo
condo2431,1.40511432876546,103.817425286088,condo
condo2432,1.35773107543266,103.76172181892,condo
condo2433,1.34452080891484,103.962683236116,condo
condo2434,1.33299652357223,103.869983175672,condo
condo2435,1.31366264456649,103.928629464927,condo
condo2436,1.32276560882225,103.848248500031,condo
condo2437,1.2942408571583,103.836767303675,condo
condo2438,1.2933749977748,103.825400484885,condo
condo2439,1.3578134775455,103.749514274777,condo
condo2440,1.31725838027889,103.831038948591,condo
condo2441,1.31657343183669,103.845293528065,condo
condo2442,1.36337539329938,103.874531123321,condo
condo2443,1.30025165988908,103.900823387238,condo
condo2444,1.31262459116981,103.911248716073,condo
condo2445,1.3139398304258,103.883560951253,condo
condo2446,1.36155858286254,103.877629237437,condo
condo2447,1.29847362864391,103.832703800401,condo
condo2448,1.30650809346919,103.899787099891,condo
condo2449,1.29938809850778,103.836959088792,condo
condo2450,1.29918111738579,103.883828609398,condo
condo2451,1.31286931612854,103.885753141885,condo
condo2452,1.3148123135852,103.942590382344,condo
condo2453,1.30532827749931,103.839281112598,condo
condo2454,1.30465722284432,103.849480361389,condo
condo2455,1.29002901281893,103.829596125913,condo
condo2456,1.30111428968545,103.823828349633,condo
condo2457,1.31157714328388,103.859941125851,condo
condo2458,1.31574767479155,103.753587995926,condo
condo2459,1.31329768304541,103.853633404104,condo
condo2460,1.38415165497168,103.861906787665,condo
condo2461,1.36684842281087,103.937776357215,condo
condo2462,1.27940014288617,103.847329579148,condo
condo2463,1.34354796106911,103.868658434784,condo
condo2464,1.31125206992852,103.921737475803,condo
condo2465,1.2983271637053,103.893447598793,condo
condo2466,1.32785789082303,103.866088622774,condo
condo2467,1.2941930917953,103.823247232673,condo
condo2468,1.30343844307623,103.847611505264,condo
condo2469,1.31064500070004,103.912268901718,condo
condo2470,1.31136337477991,103.858460028831,condo
condo2471,1.322941889048,103.825748578496,condo
condo2472,1.31846390653038,103.9060767957,condo
condo2473,1.34552548201423,103.963269325422,condo
condo2474,1.31200555050662,103.931547185023,condo
condo2475,1.29474727585558,103.832623925917,condo
condo2476,1.32531433133887,103.846132850377,condo
condo2477,1.32149168067226,103.811629520047,condo
condo2478,1.34926579341777,103.957713246825,condo
condo2479,1.3247038792419,103.864608983,condo
condo2480,1.31347909003168,103.928404616923,condo
condo2481,1.31295371704839,103.886753196091,condo
condo2482,1.31521572579515,103.833556087571,condo
condo2483,1.31423886255374,103.846333967549,condo
condo2484,1.30407535521206,103.849184825415,condo
condo2485,1.31325243680221,103.937643971958,condo
condo2486,1.33375428529812,103.798648258608,condo
condo2487,1.32175259784993,103.917700049911,condo
condo2488,1.36784901836902,103.769918079877,condo
condo2489,1.34900667777276,103.877756212359,condo
condo2490,1.36582015580987,103.88224703827,condo
condo2491,1.31701521407942,103.839874378926,condo
condo2492,1.30560970882214,103.903400896749,condo
condo2493,1.30333338886977,103.824706692914,condo
condo2494,1.31349659008154,103.879766330124,condo
condo2495,1.31378490214292,103.793736308459,condo
condo2496,1.30329738525999,103.838536556822,condo
condo2497,1.35297897768631,103.758272812318,condo
condo2498,1.28800108052059,103.843453713687,condo
condo2499,1.30783713533395,103.914288499797,condo
condo2500,1.31684095930378,103.778348980932,condo
condo2501,1.31711023904743,103.837956844749,condo
condo2502,1.31314029963164,103.854754721344,condo
condo2503,1.29671864134885,103.838173259745,condo
condo2504,1.29750880469903,103.836268849611,condo
condo2505,1.27673377193453,103.837554480116,condo
condo2506,1.32472684199302,103.849470225477,condo
condo2507,1.29688070343091,103.890504138028,condo
condo2508,1.31995634032593,103.911742980787,condo
condo2509,1.45551208632599,103.814540285666,condo
condo2510,1.32779918863321,103.862669765904,condo
condo2511,1.42939287548164,103.782357409081,condo
condo2512,1.35004438753513,103.748789210491,condo
condo2513,1.35011116524616,103.879134679556,condo
condo2514,1.38263937260931,103.833054006019,condo
condo2515,1.33977129478826,103.869858379726,condo
condo2516,1.29290709323521,103.830450365411,condo
condo2517,1.32430300605838,103.841018068843,condo
condo2518,1.29030165845215,103.817549013175,condo
condo2519,1.33024319618755,104.405623009342,condo
condo2520,1.28799434404701,103.848977686784,condo
condo2521,1.36643662273206,103.870143059303,condo
condo2522,1.33048757828131,103.874696627009,condo
condo2523,1.34498448984936,103.881132543386,condo
condo2524,1.31008460714385,103.830715676333,condo
condo2525,1.30882433610902,103.913449991483,condo
condo2526,1.31882679779057,103.846081388601,condo
condo2527,1.29633487473683,103.842958138968,condo
condo2528,1.31287327322577,103.886114462631,condo
condo2529,1.36351876042906,103.888020177163,condo
condo2530,1.3233259419597,103.792045837686,condo
condo2531,1.312068510226,103.880065379609,condo
condo2532,1.35175388172711,103.858086195677,condo
condo2533,1.3149001905227,103.902515602537,condo
condo2534,1.31146072328194,103.916069372738,condo
condo2535,1.30897246446846,103.830152287976,condo
condo2536,1.32657360790909,103.848359893837,condo
condo2537,1.26379794517134,103.818506036252,condo
condo2538,1.31137732064492,103.87933724938,condo
condo2539,1.31243825333825,103.887341813982,condo
condo2540,1.34374258541793,103.881225709752,condo
condo2541,1.31919034479271,103.908796985474,condo
condo2542,1.36314431347301,103.829690562112,condo
condo2543,1.36153218598022,103.880036891642,condo
condo2544,1.31101684627848,103.856968692208,condo
condo2545,1.3205334041426,103.905772422058,condo
condo2546,1.30393835645617,103.861630792094,condo
condo2547,1.2953563795157,103.828940785646,condo
condo2548,1.35184499157062,103.836053648292,condo
condo2549,1.3560856246725,103.76555749395,condo
condo2550,1.32377306099593,103.854363234114,condo
condo2551,1.34424277054184,103.872562841478,condo
condo2552,1.32324764635005,103.851474289537,condo
condo2553,1.38584604953958,103.742424246557,condo
condo2554,1.32326280853007,103.851215603717,condo
condo2555,1.28975290405411,103.83034971382,condo
condo2556,1.33160291699053,103.942372732205,condo
condo2557,1.32378273509884,103.850102052541,condo
condo2558,1.32128481702692,103.907300533358,condo
condo2559,1.29673744760827,103.833005715415,condo
condo2560,1.28711875378192,103.78012942949,condo
condo2561,1.30495432049189,103.827627471536,condo
condo2562,1.32175846545413,103.795000328469,condo
condo2563,1.31043643392121,103.915557513908,condo
condo2564,1.31201225458026,103.903193178443,condo
condo2565,1.33809103474919,103.92762269548,condo
condo2566,1.31702959114078,103.889942254331,condo
condo2567,1.35738951423417,103.762088063021,condo
condo2568,1.29910790069205,103.842700035576,condo
condo2569,1.30251716129553,103.829469250792,condo
condo2570,1.29449097781879,103.822065328522,condo
condo2571,1.25247588801981,103.847300713217,condo
condo2572,1.36284298701682,103.966929255476,condo
condo2573,1.29858791034804,103.88619459663,condo
condo2574,1.37879448808219,103.959947008524,condo
condo2575,1.31339423453775,103.892361725586,condo
condo2576,1.32527367169817,103.9071460044,condo
condo2577,1.31498782197957,103.905314433087,condo
condo2578,1.36445448501499,103.870114256058,condo
condo2579,1.29404275502161,103.826067811629,condo
condo2580,1.31558261176887,103.889462040581,condo
condo2581,1.31372823931729,103.806750069026,condo
condo2582,1.35720587577032,103.880899748364,condo
condo2583,1.36306930491581,103.873945366339,condo
condo2584,1.32085208689731,103.933721091441,condo
condo2585,1.29213320015397,103.838064913731,condo
condo2586,1.28897209658289,103.848459830887,condo
condo2587,1.27685386379359,103.791742171785,condo
condo2588,1.29959462338254,103.88872582337,condo
condo2589,1.31050979610169,103.83775940717,condo
condo2590,1.32719478492029,103.84988000351,condo
condo2591,1.2803973873144,103.823820591304,condo
condo2592,1.31945970137103,103.826284523197,condo
condo2593,1.29538037416662,103.839960647385,condo
condo2594,1.30990860733718,103.843150652659,condo
condo2595,1.39350099527635,103.875847562244,condo
condo2596,1.31298480453538,103.876190036205,condo
condo2597,1.31267675739282,103.842352233114,condo
condo2598,1.32618605863823,103.863993596759,condo
condo2599,1.35623636078488,103.964704026388,condo
condo2600,1.3860886232114,103.840388527809,condo
condo2601,1.31057444833286,103.824032256413,condo
condo2602,1.34071468946651,103.778236154267,condo
condo2603,1.42684963621542,103.824402929094,condo
condo2604,1.28350589483745,103.834492752536,condo
condo2605,1.30432599904899,103.904051120306,condo
condo2606,1.30888091521005,103.807669378659,condo
condo2607,1.35166212277348,103.876667125341,condo
condo2608,1.38111588058643,103.902105886723,condo
condo2609,1.30647244500245,103.847682828845,condo
condo2610,1.3336901273759,103.868810587506,condo
condo2611,1.31612341185444,103.845518779011,condo
condo2612,1.24678687668364,103.844402093991,condo
condo2613,1.33127066744046,103.794671600922,condo
condo2614,1.30937962476158,103.933150803491,condo
condo2615,1.29494315463139,103.821243025781,condo
condo2616,1.27387393481116,103.84368501577,condo
condo2617,1.29026307473852,103.837158903917,condo
condo2618,1.31319452803722,103.847445951243,condo
condo2619,1.29293391960903,103.833590038162,condo
condo2620,1.31759154287034,103.852945745791,condo
condo2621,1.33592161158855,103.869280979013,condo
condo2622,1.36002616972158,103.831111682,condo
condo2623,1.2903062552202,103.845437856878,condo
condo2624,1.27315693636085,103.847097123745,condo
condo2625,1.32099308091792,103.917475197997,condo
condo2626,1.30349430535955,103.912216819722,condo
condo2627,1.28159462474898,103.783177258838,condo
condo2628,1.31007096360154,103.81919927533,condo
condo2629,1.32884560402486,103.795590483901,condo
condo2630,1.33471291541584,103.945223124794,condo
condo2631,1.34439427998194,103.875423763667,condo
condo2632,1.31208372170506,103.908643115632,condo
condo2633,1.39931151944023,103.748806666149,condo
condo2634,1.29999561489039,103.89896560804,condo
condo2635,1.36572851408377,103.771413333255,condo
condo2636,1.30225026254074,103.826296356208,condo
condo2637,1.31668276541345,103.777328871131,condo
condo2638,1.35403955926676,103.874778886068,condo
condo2639,1.29611001763589,103.829557032058,condo
condo2640,1.30944939175024,103.897746714795,condo
condo2641,1.28154862924483,103.846472570061,condo
condo2642,1.38784912193929,103.853009264558,condo
condo2643,1.3619760292092,103.884992801669,condo
condo2644,1.29105652559567,103.832706845153,condo
condo2645,1.33197719781494,103.807484340022,condo
condo2646,1.34056192712625,103.774121532053,condo
condo2647,1.34813938708512,103.962084910434,condo
condo2648,1.29928948887162,103.888693485053,condo
condo2649,1.32438242964886,103.906966580799,condo
condo2650,1.31441955822584,103.914957327013,condo
condo2651,1.31507104891283,103.853717233509,condo
condo2652,1.31336356489796,103.927394321393,condo
condo2653,1.32122972902134,103.833859246363,condo
condo2654,1.31747812895518,103.833282669164,condo
condo2655,1.31734941207477,103.852212921601,condo
condo2656,1.32098841923667,103.95588211997,condo
condo2657,1.32363558151984,103.910584945983,condo
condo2658,1.36752903669964,103.885891297269,condo
condo2659,1.3120786072378,103.878399313302,condo
condo2660,1.35286278249502,103.881483192765,condo
condo2661,1.31203202382124,103.930373000874,condo
condo2662,1.37722474671689,103.756802169138,condo
condo2663,1.32327434333138,103.848835015461,condo
condo2664,1.31186408450582,103.923826324456,condo
condo2665,1.311780119269,103.884605770106,condo
condo2666,1.31451170438177,103.797653747246,condo
condo2667,1.34571688225607,103.871555363353,condo
condo2668,1.30591423773208,103.905673026271,condo
condo2669,1.32331590355112,103.848087672635,condo
condo2670,1.3157472607643,103.887188203157,condo
condo2671,1.35714851351339,103.758294433195,condo
condo2672,1.32541778538724,103.883403765337,condo
condo2673,1.30967685823486,103.880642764235,condo
condo2674,1.2940922282272,103.818107585883,condo
condo2675,1.31099710605752,103.895720193717,condo
condo2676,1.30859093723545,103.838674160874,condo
condo2677,1.37737958000711,103.941891583018,condo
condo2678,1.33568762398856,103.737032127309,condo
condo2679,1.32461344987091,103.841103352994,condo
condo2680,1.31058714289762,103.761643388594,condo
condo2681,1.35737844714803,103.876566954267,condo
condo2682,1.30771419625863,103.910640213842,condo
condo2683,1.24128528590103,103.8401002733,condo
condo2684,1.33807712860952,103.7170801803,condo
condo2685,1.29791212335193,103.856336963143,condo
condo2686,1.26992506088362,103.813999733395,condo
condo2687,1.3145899979855,103.844453396673,condo
condo2688,1.29880392583714,103.764417004346,condo
condo2689,1.3580602677218,103.87511623024,condo
condo2690,1.31417846074576,103.836719496223,condo
condo2691,1.31399722432065,103.889207313766,condo
condo2692,1.3148713210213,103.897207799255,condo
condo2693,1.31725197781733,103.924891343738,condo
condo2694,1.31176940658246,103.801709961483,condo
condo2695,1.3259389145452,103.864470643846,condo
condo2696,1.35572036184699,103.760174884315,condo
condo2697,1.31219203070087,103.889464697147,condo
condo2698,1.34900073327419,103.748907884779,condo
condo2699,1.37726276936398,103.900494042299,condo
condo2700,1.29004703709958,103.838613292488,condo
condo2701,1.29614347977247,103.836292454037,condo
condo2702,1.3157953905606,103.852804524115,condo
condo2703,1.35222442490505,103.841544324383,condo
condo2704,1.31590666330907,103.839947799817,condo
condo2705,1.3075235286784,103.825426358037,condo
condo2706,1.32958044212107,103.868188327271,condo
condo2707,1.32101857558565,103.950298372248,condo
condo2708,1.31191104025683,103.907721196836,condo
condo2709,1.31449452187166,103.842505898673,condo
condo2710,1.29797640452787,103.855893476029,condo
condo2711,1.30042006162394,103.845957552922,condo
condo2712,1.31304905009595,103.910054014447,condo
condo2713,1.34468457937918,103.867905580003,condo
condo2714,1.31907103004917,103.906727650036,condo
condo2715,1.29482481420691,103.778530131892,condo
condo2716,1.31275786355608,103.903071855189,condo
condo2717,1.35076319075964,103.883328907651,condo
condo2718,1.29901170341636,103.888882322368,condo
condo2719,1.32467219356956,103.852850424074,condo
condo2720,1.27622892024069,103.863128663156,condo
condo2721,1.3247486107825,103.793797396745,condo
condo2722,1.3031358658722,103.847735636923,condo
condo2723,1.31326861994608,103.847955663098,condo
condo2724,1.29612371629415,103.837596960133,condo
condo2725,1.30965618756546,103.908797761053,condo
condo2726,1.37646287716078,103.757392689824,condo
condo2727,1.319622124356,103.912288714696,condo
condo2728,1.30753583983857,103.904590613014,condo
condo2729,1.39263720451204,103.879380995151,condo
condo2730,1.31287856892187,103.929259191275,condo
condo2731,1.34585535764343,103.724991915348,condo
condo2732,1.28379359781213,103.845477806267,condo
condo2733,1.31194266781347,103.879213970964,condo
condo2734,1.29181865625912,103.82516074139,condo
condo2735,1.31046106131025,103.930669686265,condo
condo2736,1.31420997374251,103.938613920648,condo
condo2737,1.32443998997673,103.81183629155,condo
condo2738,1.29668185515836,103.889100113074,condo
condo2739,1.36282557947709,103.878288140536,condo
condo2740,1.31538221755903,103.887936481421,condo
condo2741,1.34367677730896,103.769064363268,condo
condo2742,1.3281491159178,103.849419868995,condo
condo2743,1.28434104617281,103.829138450421,condo
condo2744,1.30141226420091,103.849115522647,condo
condo2745,1.32179079194777,103.812522188467,condo
condo2746,1.31057552074486,103.879078933752,condo
condo2747,1.33013262911561,103.908284993545,condo
condo2748,1.2927319871783,103.842250095411,condo
condo2749,1.32034784129513,103.920593139122,condo
condo2750,1.31234010086235,103.914655399165,condo
condo2751,1.34887103413167,103.927857518694,condo
condo2752,1.3120905277435,103.904376279072,condo
condo2753,1.3149472094487,103.907632064561,condo
condo2754,1.323734025108,103.853098240809,condo
condo2755,1.32188613848343,103.811066200681,condo
condo2756,1.31976479310685,103.79525287583,condo
condo2757,1.3172213510981,103.852101075367,condo
condo2758,1.35794054726948,103.87891121328,condo
condo2759,1.33092351063475,103.867627790506,condo
condo2760,1.31829562143795,103.841063256174,condo
condo2761,1.32493712413545,103.846068919286,condo
condo2762,1.30896488515402,103.898710637523,condo
condo2763,1.35416438712436,103.761454232116,condo
condo2764,1.32437123605582,103.85017661997,condo
condo2765,1.33437983470408,103.78320097744,condo
condo2766,1.27464397804711,103.844741587315,condo
condo2767,1.35505582637096,103.929921925596,condo
condo2768,1.31271777977328,103.895271676171,condo
condo2769,1.32619717807328,103.84910065649,condo
condo2770,1.36031026981375,103.876906739154,condo
condo2771,1.31534586222537,103.865163072945,condo
condo2772,1.32002610262337,103.91348728953,condo
condo2773,1.31568896628292,103.833536716597,condo
condo2774,1.31043767328056,103.825040084753,condo
condo2775,1.31393361941559,103.842380394708,condo
condo2776,1.30963804234283,103.869220196792,condo
condo2777,1.31183807963778,103.905403243169,condo
condo2778,1.317041377544,103.904748281539,condo
condo2779,1.3435937626961,103.953541142825,condo
condo2780,1.32724141217289,103.842539713753,condo
condo2781,1.30369465720024,103.860997111511,condo
condo2782,1.30403985353689,103.905803196839,condo
condo2783,1.29963319127946,103.830616503287,condo
condo2784,1.28347473503047,103.842905807578,condo
condo2785,1.35454573336412,103.876323797312,condo
condo2786,1.38888112825371,103.853076858978,condo
condo2787,1.32256324700732,103.911085026107,condo
condo2788,1.31128279082111,103.914889957267,condo
condo2789,1.35466521890966,103.876883622562,condo
condo2790,1.31318637684012,103.890372142778,condo
condo2791,1.41253085427676,103.834227877195,condo
condo2792,1.30995369949672,103.897073886398,condo
condo2793,1.30802491798168,103.806515977077,condo
condo2794,1.30856935497057,103.824738483864,condo
condo2795,1.29823590886073,103.766234635617,condo
condo2796,1.29843730060613,103.884408021083,condo
condo2797,1.38999886276481,103.857288493566,condo
condo2798,1.28927589033091,103.847720654374,condo
condo2799,1.31953348960235,103.847029859453,condo
condo2800,1.31304810296052,103.848329806136,condo
condo2801,1.31864041551775,103.752931500479,condo
condo2802,1.31291695250751,103.859047068258,condo
condo2803,1.37955102246777,103.964263609949,condo
condo2804,1.31425012958905,103.907321618868,condo
condo2805,1.32578698013765,103.848059253669,condo
condo2806,1.31547407018063,103.888827552085,condo
condo2807,1.3126727349945,103.893279009121,condo
condo2808,1.31340154929847,103.927750511093,condo
condo2809,1.31682841718778,103.907655557227,condo
condo2810,1.29677202648703,103.800712927589,condo
condo2811,1.34770865960669,103.871737392143,condo
condo2812,1.37874346606606,103.832053632621,condo
condo2813,1.29793589010719,103.836437562021,condo
condo2814,1.35790298776519,103.880285561005,condo
condo2815,1.36643233590249,103.885023385519,condo
condo2816,1.32777214396075,103.843902123408,condo
condo2817,1.29942281142325,103.834776774582,condo
condo2818,1.3002919144993,103.900076038366,condo
condo2819,1.29796800700412,103.838408057882,condo
condo2820,1.31649011503328,103.830473293379,condo
condo2821,1.37208103125372,103.767973690319,condo
condo2822,1.31064927792671,103.876402171482,condo
condo2823,1.29670486203676,103.882768688199,condo
condo2824,1.32591275851831,103.846864567537,condo
condo2825,1.35723352374843,103.760468532409,condo
condo2826,1.32120088476448,103.864339558654,condo
condo2827,1.3213223567922,103.794118014137,condo
condo2828,1.36211414949523,103.76295464487,condo
condo2829,1.30309676804772,103.846902022519,condo
condo2830,1.31846463946904,103.7798585243,condo
condo2831,1.31088889231666,103.905869255433,condo
condo2832,1.31087631734698,103.915485073734,condo
condo2833,1.24231098048651,103.835606332125,condo
condo2834,1.34403190977187,103.872882814831,condo
condo2835,1.3410365541417,103.780059275355,condo
condo2836,1.31602422236802,103.84157165109,condo
condo2837,1.30988280629988,103.902049825019,condo
condo2838,1.31045214308372,103.877213009392,condo
condo2839,1.27832254934626,103.854609590898,condo
condo2840,1.39445320964659,103.879911271029,condo
condo2841,1.44076527720917,103.830495461097,condo
condo2842,1.29755162531597,103.870601994267,condo
condo2843,1.31285103495334,103.795887739886,condo
condo2844,1.31169308156397,103.896306665361,condo
condo2845,1.31317508970172,103.84379589573,condo
condo2846,1.34084176825735,103.777682636132,condo
condo2847,1.30023241292939,103.829577900106,condo
condo2848,1.30933381813655,103.903297292353,condo
condo2849,1.31463384316174,103.923380236004,condo
condo2850,1.31596822029115,103.84339151806,condo
condo2851,1.35734285723974,103.880518888518,condo
condo2852,1.34799260760433,103.843315247205,condo
condo2853,1.31422193800384,103.835376584372,condo
condo2854,1.32920266491302,103.809720004954,condo
condo2855,1.32246016890528,103.948139780631,condo
condo2856,1.30166188823652,103.85335612315,condo
condo2857,1.29489580072091,103.81856774498,condo
condo2858,1.34074585001624,103.776284203427,condo
condo2859,1.31040472428287,103.898650842743,condo
condo2860,1.30851817040668,103.866029972981,condo
condo2861,1.30076378356785,103.852719817474,condo
condo2862,1.31955327216571,103.909937629963,condo
condo2863,1.32477895626053,103.837103239546,condo
condo2864,1.32645360666448,103.942524576662,condo
condo2865,1.31161656190118,103.885373542152,condo
condo2866,1.32847324320348,103.95135621615,condo
condo2867,1.29610343386396,103.843147549853,condo
condo2868,1.38143238111123,103.863043130131,condo
condo2869,1.39031417462577,103.763963063521,condo
condo2870,1.36879391060311,103.765664597642,condo
condo2871,1.31378785739846,103.857474752651,condo
condo2872,1.31363523732018,103.885714800156,condo
condo2873,1.31051661090416,103.890733987284,condo
condo2874,1.31005493082979,103.911335554607,condo
condo2875,1.33868242821142,103.869251955866,condo
condo2876,1.30472691379134,103.848621934791,condo
condo2877,1.33904654811642,103.771587753402,condo
condo2878,1.36470196051695,103.765594140044,condo
condo2879,1.3287103821176,103.870632361245,condo
condo2880,1.37415437196227,103.826737784446,condo
condo2881,1.33060762647616,103.930375074275,condo
condo2882,1.3123719972494,103.875475724797,condo
condo2883,1.29485290994593,103.807164881375,condo
condo2884,1.38074004377189,103.830601516686,condo
condo2885,1.30983060602884,103.802913761541,condo
condo2886,1.2948480383694,103.827548220413,condo
condo2887,1.30899729089026,103.899835000107,condo
condo2888,1.3057998737184,103.907284703752,condo
condo2889,1.33380822615437,103.787778146771,condo
condo2890,1.364544415936,103.885943416647,condo
condo2891,1.30036703590077,103.840505712898,condo
condo2892,1.30242224836722,103.823868523249,condo
condo2893,1.31461235864713,103.883588291712,condo
condo2894,1.30224327074302,103.85270021499,condo
condo2895,1.34670357186333,103.77128818135,condo
condo2896,1.3114521623821,103.797128300209,condo
condo2897,1.31301688185894,103.903807363724,condo
condo2898,1.31856765330093,103.840268808403,condo
condo2899,1.33335548871256,103.740182040775,condo
condo2900,1.27247694326577,103.807817491838,condo
condo2901,1.30980898738366,103.834917913837,condo
condo2902,1.43547360117482,103.824042575091,condo
condo2903,1.31891775628596,103.828701817349,condo
condo2904,1.28346754539038,103.785827814761,condo
condo2905,1.31404973178777,103.902183320332,condo
condo2906,1.37794330215799,103.958359698109,condo
condo2907,1.31359813614381,103.887912449228,condo
condo2908,1.4251585575406,103.82400792537,condo
condo2909,1.34071832478507,103.837072715179,condo
condo2910,1.264909239983,103.816194929923,condo
condo2911,1.3464126530713,103.882660516268,condo
condo2912,1.30940093939083,103.856829411741,condo
condo2913,1.29924811981195,103.841708895435,condo
condo2914,1.40015045231684,103.912044306483,condo
condo2915,1.3434445644652,103.768372570873,condo
condo2916,1.30073700415458,103.881812806207,condo
condo2917,1.27484974836861,103.842184815618,condo
condo2918,1.35588024580175,103.831517575857,condo
condo2919,1.31607998259264,103.776088224274,condo
condo2920,1.31490104917544,103.887636653436,condo
condo2921,1.31274690453463,103.847597879821,condo
condo2922,1.34733472841428,103.773705538009,condo
condo2923,1.29551395924241,103.838907866844,condo
condo2924,1.30843615423188,103.828596763934,condo
condo2925,1.30871047069425,103.906104544463,condo
condo2926,1.35995405289441,103.966665548118,condo
condo2927,1.35577257355415,103.964916673398,condo
condo2928,1.34967673038059,103.777548967996,condo
condo2929,1.31547211014542,103.825103568175,condo
condo2930,1.32884033960602,103.869044557978,condo
condo2931,1.31416794726493,103.939732193722,condo
condo2932,1.32323179764449,103.842009808269,condo
condo2933,1.31664992367496,103.903730965026,condo
condo2934,1.29573433474414,103.806030198974,condo
condo2935,1.2819371751209,103.783969727867,condo
condo2936,1.31338886288706,103.92635776294,condo
condo2937,1.34651807789092,103.773660179816,condo
condo2938,1.32505522536131,103.865178186819,condo
condo2939,1.29335647261874,103.852413664407,condo
condo2940,1.405122127386,103.899755501341,condo
condo2941,1.31595897864075,103.832955604859,condo
condo2942,1.31051228974201,103.800690250469,condo
condo2943,1.31030754275962,103.910857272453,condo
condo2944,1.31591207493337,103.890016328182,condo
condo2945,1.31067103193271,103.92054006861,condo
condo2946,1.31216250582269,103.898164171599,condo
condo2947,1.34856782264649,103.862002447664,condo
condo2948,1.29892258354439,103.823916531886,condo
condo2949,1.3301575606929,103.809863262084,condo
condo2950,1.34736341363741,103.879746530359,condo
condo2951,1.29602933378777,103.842341015693,condo
condo2952,1.32538080526177,103.853111878947,condo
condo2953,1.31372114376631,103.92365311178,condo
condo2954,1.3008616582447,103.824147183227,condo
condo2955,1.31050848639697,103.911965259921,condo
condo2956,1.34101528932946,103.77097733992,condo
condo2957,1.30441566746192,103.826079916568,condo
condo2958,1.31782390941569,103.852225092717,condo
condo2959,1.30924339094276,103.84261059819,condo
condo2960,1.30860535583359,103.827616672793,condo
condo2961,1.31114708306039,103.926456929611,condo
condo2962,1.29409446498063,103.822715554852,condo
condo2963,1.31077475575451,103.89964318646,condo
condo2964,1.43708981866519,103.824846106256,condo
condo2965,1.43032991005196,103.783347997314,condo
condo2966,1.29144882695896,103.768585193936,condo
mall0,1.27542909113256,103.795760800599,mall
mall1,1.30101436404056,103.838360664485,mall
mall2,1.31086672816827,103.863929573292,mall
mall3,1.32589620218837,103.842935480003,mall
mall4,1.2981408343975,103.855635339249,mall
mall5,1.29911287475873,103.855411173758,mall
mall6,1.29931350344582,103.857125959023,mall
mall7,1.29307884763132,103.851261982149,mall
mall8,1.30152101873533,103.836429655016,mall
mall9,1.31142103107683,103.856624019991,mall
mall10,1.31883815362848,103.862815823199,mall
mall11,1.29953434891664,103.85840168774,mall
mall12,1.30731112598868,103.833939963454,mall
mall13,1.29134759697794,103.849989790085,mall
mall14,1.34090149001429,103.775746717778,mall
mall15,1.29544345581775,103.846103299786,mall
mall16,1.45428714079221,103.800262079753,mall
mall17,1.3082518471287,103.88580870609,mall
mall18,1.30204111126888,103.837945233863,mall
mall19,1.34618225434114,103.703002254271,mall
mall20,1.3029831225958,103.836283923443,mall
mall21,1.30508722710852,103.830722581168,mall
mall22,1.27745012760049,103.854259831252,mall
mall23,1.28399410139205,103.859450636919,mall
mall24,1.27848725876303,103.867454664421,mall
mall25,1.27894148629275,103.851256039975,mall
mall26,1.30651932134649,103.900740241733,mall
mall27,1.28888605616528,103.834206802698,mall
mall28,1.30242417189411,103.834676124723,mall
mall29,1.30083890839245,103.839434733899,mall
mall30,1.30044325279546,103.839442780042,mall
mall31,1.30082071769235,103.845067272666,mall
mall32,1.30178778502846,103.838659766022,mall
mall33,1.30665484543191,103.829588045188,mall
mall34,1.30074770963916,103.845047573431,mall
mall35,1.29389357863312,103.853119904656,mall
mall36,1.31921667890113,103.863020922593,mall
mall37,1.3030242605718,103.853037814067,mall
mall38,1.29498804392056,103.856276242094,mall
mall39,1.30484344196915,103.823852794772,mall
mall40,1.27389707233468,103.842920815394,mall
mall41,1.30618663846772,103.850585570067,mall
mall42,1.3559815037047,103.829802004324,mall
mall43,1.30387230879994,103.835857545469,mall
mall44,1.28629937187776,103.828093503404,mall
mall45,1.33149708073624,103.86821402533,mall
mall46,1.31719450988559,103.843611443038,mall
mall47,1.31929542501907,103.844191353077,mall
mall48,1.30467628730252,103.830642027577,mall
mall49,1.30370477426147,103.833205752808,mall
mall50,1.32694504456951,103.846554377679,mall
mall51,1.32473632784728,103.929256259998,mall
mall52,1.35236829566862,103.943812302253,mall
mall53,1.33352582052952,103.962576462766,mall
mall54,1.37595122154029,103.955598940037,mall
mall55,1.34270592355576,103.953024618234,mall
mall56,1.36978786195795,103.983249302574,mall
mall57,1.3040973115095,103.901515916971,mall
mall58,1.30477683917233,103.904617722414,mall
mall59,1.31203537015087,103.862887035837,mall
mall60,1.30240462507128,103.876638148971,mall
mall61,1.308174111151,103.922605715552,mall
mall62,1.4258528493391,103.831598317323,mall
mall63,1.30091736056425,103.90533928065,mall
mall64,1.37262692656746,103.948739861818,mall
mall65,1.31881487007651,103.892580778514,mall
mall66,1.31899666903663,103.894894915962,mall
mall67,1.36178377081648,103.894329368473,mall
mall68,1.37790533095468,103.94233582068,mall
mall69,1.27728139056494,103.802084103537,mall
mall70,1.43712301500434,103.795314383823,mall
mall71,1.38990590534243,103.847737799016,mall
mall72,1.29907929817841,103.852825314007,mall
mall73,1.26145665649561,103.824017265754,mall
mall74,1.30554665502973,103.764506813718,mall
mall75,1.43749124516896,103.774903046769,mall
mall76,1.29298990700923,103.852542630339,mall
mall77,1.44182470675733,103.824845207237,mall
mall78,1.41795288501536,103.841268831617,mall
mall79,1.43501798422042,103.772958780842,mall
mall80,1.45379377840102,103.819625383808,mall
mall81,1.45040408597633,103.784706643694,mall
mall82,1.39679315311901,103.888437344772,mall
mall83,1.38340338685128,103.892867735131,mall
mall84,1.35892669592153,103.97467666325,mall
mall85,1.38739539397015,103.869135978173,mall
mall86,1.35416303725694,103.877468009579,mall
mall87,1.37089457370274,103.893157488293,mall
mall88,1.32170585967689,103.835589202182,mall
mall89,1.41333310429546,103.913035184508,mall
mall90,1.38315193616746,103.892295809097,mall
mall91,1.30609752164563,103.828678556041,mall
mall92,1.36511490572797,103.865159501442,mall
mall93,1.37992045176243,103.764357180314,mall
mall94,1.31643963008359,103.835487584433,mall
mall95,1.38400582466296,103.771029603101,mall
mall96,1.38540569283271,103.766228468185,mall
mall97,1.37843100827586,103.762842789877,mall
mall98,1.38033681049385,103.760167883439,mall
mall99,1.33667573740597,103.783709151645,mall
mall100,1.30816509110025,103.674209493187,mall
mall101,1.35907200138843,103.767667986863,mall
mall102,1.38194642527068,103.751888178683,mall
mall103,1.35009714832628,103.74921385957,mall
mall104,1.39713489451097,103.753372278853,mall
mall105,1.2650508426276,103.821624580393,mall
mall106,1.26396991176004,103.820243325181,mall
mall107,1.27414893629254,103.801399416665,mall
mall108,1.31200212030821,103.764986676365,mall
mall109,1.33088612861378,103.777695692154,mall
mall110,1.35642176044203,103.877862204676,mall
mall111,1.33332819303974,103.743359442234,mall
mall112,1.31862464981185,103.710134682085,mall
mall113,1.31333702966201,103.688291788335,mall
mall114,1.30627534823257,103.790363200126,mall
mall115,1.28728320930592,103.805283367958,mall
mall116,1.28893477974497,103.805607779399,mall
mall117,1.33860405469845,103.706064622772,mall
mall118,1.33372210930312,103.887530827719,mall
mall119,1.32561767792578,103.678409741897,mall
mall120,1.3483403539896,103.698067375909,mall
mall121,1.30462193287417,103.787905412944,mall
mall122,1.33484487416514,103.720462024278,mall
mall123,1.30362457527941,103.765858386923,mall
mall124,1.36272836277485,103.740878068259,mall
mrt0,1.31755039971444,103.807384282049,mrt
mrt1,1.32998504653102,103.639616648771,mrt
mrt2,1.3298503916278,103.639299528273,mrt
mrt3,1.31312248291264,103.942309776767,mrt
mrt4,1.31993957653291,103.862052698446,mrt
mrt5,1.36981544925552,103.76443921414,mrt
mrt6,1.30843144331463,103.889268208422,mrt
mrt7,1.28850523975311,103.833585838226,mrt
mrt8,1.31311068517348,103.710396937205,mrt
mrt9,1.30620190525331,103.882528081052,mrt
mrt10,1.32006555750626,103.826024401924,mrt
mrt11,1.35083898784737,103.848143964542,mrt
mrt12,1.27287214563203,103.837062313764,mrt
mrt13,1.2839640518753,103.843141945391,mrt
mrt14,1.26531139858465,103.820557316696,mrt
mrt15,1.26977220124441,103.830031459524,mrt
mrt16,1.30737781747063,103.862767633888,mrt
mrt17,1.32687671501334,103.883247509542,mrt
mrt18,1.30398013681715,103.832245244375,mrt
mrt19,1.31933437435349,103.825566965234,mrt
mrt20,1.34250117805245,103.880177899184,mrt
mrt21,1.42508698073648,103.762137459497,mrt
mrt22,1.32683963232487,103.890007860464,mrt
mrt23,1.348707263451,103.839423132332,mrt
mrt24,1.30678223364785,103.818956796815,mrt
mrt25,1.3123189224097,103.837984594021,mrt
mrt26,1.32044079120154,103.843825618748,mrt
mrt27,1.44905082158502,103.820046140211,mrt
mrt28,1.30026416739006,103.839085753124,mrt
mrt29,1.31933570922514,103.861569454156,mrt
mrt30,1.28435959278583,103.843426681863,mrt
mrt31,1.30854798388121,103.889064718377,mrt
mrt32,1.29891164362677,103.84629250696,mrt
mrt33,1.29970458121203,103.845488542541,mrt
mrt34,1.29870132536119,103.846113677951,mrt
mrt35,1.2936577245386,103.855081226245,mrt
mrt36,1.31947090075208,103.660530461345,mrt
mrt37,1.31000869432289,103.930025826708,mrt
mrt38,1.28619457890544,103.826998939732,mrt
mrt39,1.29686168649656,103.850667371637,mrt
mrt40,1.32637897756011,103.745212052616,mrt
mrt41,1.32607760171665,103.890391305725,mrt
mrt42,1.30385218527656,103.852769428884,mrt
mrt43,1.34220625292052,103.639023145587,mrt
mrt44,1.33982824592182,103.87096088798,mrt
mrt45,1.29394816169384,103.833720837731,mrt
mrt46,1.28053329842878,103.843883670633,mrt
mrt47,1.28140504772213,103.839130979249,mrt
mrt48,1.28132964411173,103.839137557749,mrt
mrt49,1.27621352233766,103.791350313288,mrt
mrt50,1.3172473854035,103.892260753884,mrt
mrt51,1.29931925769899,103.897368742078,mrt
mrt52,1.35244451963606,103.736747833111,mrt
mrt53,1.28610253615775,103.827445112419,mrt
mrt54,1.29248194822996,103.844331362465,mrt
mrt55,1.36017917065237,103.885064856353,mrt
mrt56,1.27236838626952,103.803416232089,mrt
mrt57,1.31811149224527,103.893060771576,mrt
mrt58,1.41492733388605,103.910166388177,mrt
mrt59,1.32102695598684,103.649078235627,mrt
mrt60,1.30724381608438,103.849841614124,mrt
mrt61,1.30261163483383,103.904983086812,mrt
mrt62,1.32856455460666,103.83518858199,mrt
mrt63,1.31399286264569,103.837714613091,mrt
mrt64,1.33137808528793,103.869363547741,mrt
mrt65,1.34970788089564,103.873574849884,mrt
mrt66,1.39758106126824,103.817856949947,mrt
mrt67,1.27656131737246,103.845725186759,mrt
mrt68,1.27070647717762,103.809761611219,mrt
mrt69,1.33919004519388,103.87081830915,mrt
mrt70,1.32238699517166,103.815385463093,mrt
mrt71,1.34567395098752,103.739501967519,mrt
mrt72,1.31190557325774,103.853477716509,mrt
mrt73,1.28257135772488,103.781752725064,mrt
mrt74,1.36288845715168,103.767780907707,mrt
mrt75,1.30680019696174,103.849647059738,mrt
mrt76,1.30666510344814,103.9151067005,mrt
mrt77,1.33137949021368,103.869055656782,mrt
mrt78,1.32639224146351,103.806548201692,mrt
mrt79,1.32211373558877,103.814984510627,mrt
mrt80,1.32248807089544,103.816013994259,mrt
mrt81,1.29293672227779,103.852585580366,mrt
mrt82,1.29353349887123,103.784572738173,mrt
mrt83,1.27225417749656,103.802631578766,mrt
mrt84,1.33085764536226,103.796906838288,mrt
mrt85,1.32040148729112,103.957183823478,mrt
mrt86,1.34122317558549,103.775794285083,mrt
mrt87,1.30663450405,103.790709404436,mrt
mrt88,1.3072237082044,103.790253514502,mrt
mrt89,1.36234486803558,103.767418254007,mrt
mrt90,1.3545953239503,103.769118851887,mrt
mrt91,1.33514150139202,103.888389300191,mrt
mrt92,1.32555623519898,103.807760304729,mrt
mrt93,1.32718729074675,103.946348600798,mrt
mrt94,1.31668400658419,103.94931120983,mrt
mrt95,1.37956121236613,103.761188866252,mrt
mrt96,1.37900211641036,103.761535114929,mrt
mrt97,1.34173977444995,103.961472788634,mrt
mrt98,1.44829245259621,103.785692682441,mrt
mrt99,1.33758701106708,103.697321608474,mrt
mrt100,1.35619148271544,103.9546344625,mrt
mrt101,1.29726507940646,103.873453254621,mrt
mrt102,1.34088242451105,103.636991425128,mrt
mrt103,1.32397996868158,103.929984495066,mrt
mrt104,1.36328318545185,103.832893619992,mrt
mrt105,1.34235282081401,103.732596738363,mrt
mrt106,1.33454977824817,103.961548211018,mrt
mrt107,1.35812200829127,103.726153007988,mrt
mrt108,1.37304331635804,103.949284527763,mrt
mrt109,1.33660782955099,103.932234623286,mrt
mrt110,1.33809844792781,103.704624110866,mrt
mrt111,1.28838602407588,103.846555209694,mrt
mrt112,1.26538938374901,103.821530157095,mrt
mrt113,1.33496735995428,103.908459338046,mrt
mrt114,1.30701826765224,103.848660935092,mrt
mrt115,1.42739605281442,103.79326432221,mrt
mrt116,1.34918500140335,103.708285820033,mrt
mrt117,1.33262928096888,103.847502198048,mrt
mrt118,1.27102703612006,103.862447515736,mrt
mrt119,1.27972059383553,103.839439862425,mrt
mrt120,1.28412561043658,103.851461712342,mrt
mrt121,1.36993284962262,103.84955809232,mrt
mrt122,1.35861159094192,103.751790910733,mrt
mrt123,1.38536846992147,103.744084909492,mrt
mrt124,1.38536316540225,103.744370779756,mrt
mrt125,1.37922755842935,103.740022320403,mrt
mrt126,1.33315281585758,103.742286332403,mrt
mrt127,1.36712928287615,103.960557318417,mrt
mrt128,1.39753506936297,103.747405150236,mrt
mrt129,1.38175587099132,103.84494727118,mrt
mrt130,1.31623848507352,103.882496650859,mrt
mrt131,1.2819410418667,103.861170309768,mrt
mrt132,1.27860805131586,103.852236529778,mrt
mrt133,1.29335887607579,103.854164769641,mrt
mrt134,1.36249753291868,103.767689699531,mrt
mrt135,1.3620882071716,103.767088008608,mrt
mrt136,1.37017281190245,103.892440505123,mrt
mrt137,1.37216251601494,103.891962218579,mrt
mrt138,1.35517866124683,103.768742363896,mrt
mrt139,1.29381678750189,103.859959311719,mrt
mrt140,1.3164879306303,103.882472888012,mrt
mrt141,1.34225958353607,103.88038311704,mrt
mrt142,1.28127519755786,103.858901011605,mrt
mrt143,1.28283490852292,103.859596872464,mrt
mrt144,1.31183696219188,103.941248453619,mrt
mrt145,1.31230169641448,103.940553037101,mrt
mrt146,1.31389479153497,103.940730265672,mrt
mrt147,1.32426834306315,103.929673090102,mrt
mrt148,1.29920140046322,103.850838318577,mrt
mrt149,1.29812211640702,103.849586468303,mrt
mrt150,1.33824512889805,103.840479738468,mrt
mrt151,1.33788653037764,103.840731286818,mrt
mrt152,1.44242769458601,103.830304623338,mrt
mrt153,1.4437533801991,103.82909543666,mrt
mrt154,1.44280097163894,103.830409234978,mrt
mrt155,1.2854064601599,103.843476210331,mrt
mrt156,1.28505491072109,103.844426948683,mrt
mrt157,1.28476298850339,103.844469740517,mrt
mrt158,1.31406568887036,103.765541409161,mrt
mrt159,1.30208304808986,103.798768241331,mrt
mrt160,1.31387432884477,103.863062802793,mrt
mrt161,1.31349604455484,103.863213831657,mrt
mrt162,1.35106443949593,103.84831225604,mrt
mrt163,1.34068157403547,103.847430767853,mrt
mrt164,1.30120408934977,103.855924081071,mrt
mrt165,1.30077954774568,103.856327844038,mrt
mrt166,1.29908112610553,103.856888176117,mrt
mrt167,1.33334187551117,103.82962180333,mrt
mrt168,1.3020212578832,103.798714315911,mrt
mrt169,1.3088256193048,103.889298048161,mrt
mrt170,1.30810273293119,103.88796919827,mrt
mrt171,1.31142654126221,103.778294380083,mrt
mrt172,1.31170474286932,103.778446601688,mrt
mrt173,1.27961722730227,103.852915339847,mrt
mrt174,1.27945930036359,103.853157831883,mrt
mrt175,1.36984438594547,103.764207873199,mrt
mrt176,1.35970263002708,103.884302648859,mrt
mrt177,1.42473980457064,103.762018327024,mrt
mrt178,1.30716946073774,103.863043062595,mrt
mrt179,1.30761853932456,103.862650316842,mrt
mrt180,1.38462599714582,103.837526793924,mrt
mrt181,1.38354133626092,103.837447003493,mrt
mrt182,1.29312572848337,103.855564111142,mrt
mrt183,1.29382341246817,103.855102391878,mrt
mrt184,1.31956254560615,103.90258207739,mrt
mrt185,1.33526477495593,103.962070158326,mrt
mrt186,1.3359586922217,103.962162221687,mrt
mrt187,1.33487115678994,103.962127196209,mrt
mrt188,1.33471424993483,103.962862474988,mrt
mrt189,1.30604592590882,103.883248292795,mrt
mrt190,1.30635924005631,103.819479220969,mrt
mrt191,1.31988400788823,103.843322866691,mrt
mrt192,1.34948283498049,103.873953722359,mrt
mrt193,1.34983462547997,103.87364078459,mrt
mrt194,1.35095714817607,103.871431846516,mrt
mrt195,1.35079019900881,103.872866695232,mrt
mrt196,1.30880656932866,103.928830683104,mrt
mrt197,1.30974063170589,103.928694643178,mrt
mrt198,1.31059243778693,103.931411414189,mrt
mrt199,1.34265578602279,103.953820143851,mrt
mrt200,1.30003194313604,103.838385643936,mrt
mrt201,1.30078472678277,103.838454758569,mrt
mrt202,1.3004497336171,103.838763820601,mrt
mrt203,1.39910633971842,103.81787186989,mrt
mrt204,1.39766163192513,103.817798037239,mrt
mrt205,1.3025110879373,103.874399988354,mrt
mrt206,1.30337022553934,103.876226233523,mrt
mrt207,1.32147774885363,103.825868554379,mrt
mrt208,1.32095990593562,103.826287218937,mrt
mrt209,1.32032920290987,103.825684307354,mrt
mrt210,1.35376401277764,103.944766312114,mrt
mrt211,1.35353908151706,103.945089563391,mrt
mrt212,1.35419179516266,103.942656741693,mrt
mrt213,1.35459878903125,103.942714903974,mrt
mrt214,1.34398741511814,103.720437685172,mrt
mrt215,1.38551074569147,103.835425872422,mrt
mrt216,1.34991007732434,103.874316461685,mrt
mrt217,1.28018163306015,103.84291320994,mrt
mrt218,1.37390239152968,103.837551834265,mrt
mrt219,1.37043838455734,103.836789792525,mrt
mrt220,1.3704639102426,103.836523118042,mrt
mrt221,1.44883562841554,103.820110302142,mrt
mrt222,1.44877339773463,103.819783211843,mrt
mrt223,1.44892733136333,103.820401560553,mrt
mrt224,1.39182911978883,103.895405721181,mrt
mrt225,1.39179563725034,103.89563689476,mrt
mrt226,1.39088158608586,103.895209399306,mrt
mrt227,1.32548887457682,103.890256223937,mrt
mrt228,1.32619610945472,103.888602871376,mrt
mrt229,1.3924399095265,103.895735075793,mrt
mrt230,1.32996212833188,103.899869894436,mrt
mrt231,1.32983043616597,103.898581927079,mrt
mrt232,1.43709440840901,103.787224897942,mrt
mrt233,1.4368900445839,103.786982831894,mrt
mrt234,1.43598682920743,103.788988127958,mrt
mrt235,1.44034337155074,103.800984160903,mrt
mrt236,1.44016248163827,103.800527184397,mrt
mrt237,1.44060537289018,103.800551474686,mrt
mrt238,1.34109672478432,103.732000758426,mrt
mrt239,1.43480148255035,103.789090551552,mrt
mrt240,1.33852245848745,103.870937707986,mrt
mrt241,1.42964614005725,103.834867077043,mrt
mrt242,1.42966559741799,103.83564365509,mrt
mrt243,1.28373507204208,103.843753409155,mrt
mrt244,1.28466811001013,103.842825779347,mrt
mrt245,1.32092967329613,103.912940025483,mrt
mrt246,1.32115210814206,103.912899289031,mrt
mrt247,1.41703637252916,103.832952685091,mrt
mrt248,1.417130546383,103.832691768658,mrt
mrt249,1.4175482420289,103.832849099942,mrt
mrt250,1.29811280568152,103.849792402967,mrt
mrt251,1.34107875547937,103.846411762858,mrt
mrt252,1.28428031269047,103.845467224043,mrt
mrt253,1.31416962523818,103.765773642566,mrt
mrt254,1.30264816170999,103.797958291874,mrt
mrt255,1.30275726426405,103.798055145187,mrt
mrt256,1.28270522446426,103.859759179874,mrt
mrt257,1.28283435390697,103.859493846293,mrt
mrt258,1.28112089385407,103.858419290212,mrt
mrt259,1.31348127097904,103.942550920328,mrt
mrt260,1.31290887265381,103.94269872143,mrt
mrt261,1.32356863626393,103.92915714301,mrt
mrt262,1.32408493878946,103.929397331362,mrt
mrt263,1.26515322900312,103.820492064514,mrt
mrt264,1.38264972279052,103.893463151692,mrt
mrt265,1.26525767375842,103.822518543831,mrt
mrt266,1.26497195994882,103.821580291341,mrt
mrt267,1.2869836758937,103.833492718787,mrt
mrt268,1.28881134417388,103.83337557478,mrt
mrt269,1.28958090478519,103.833922002929,mrt
mrt270,1.30000715197151,103.855680462892,mrt
mrt271,1.33711485525531,103.839401106536,mrt
mrt272,1.44378209457473,103.829452068775,mrt
mrt273,1.44255690501601,103.829824358977,mrt
mrt274,1.31951727513525,103.902894137829,mrt
mrt275,1.31960866729862,103.903178612002,mrt
mrt276,1.33532172425323,103.961942958225,mrt
mrt277,1.36021285860984,103.884723781231,mrt
mrt278,1.36002890736639,103.88542633438,mrt
mrt279,1.42486059818413,103.76193427334,mrt
mrt280,1.4251259491274,103.761754685801,mrt
mrt281,1.42513172976083,103.762492227566,mrt
mrt282,1.34407537655211,103.721063264468,mrt
mrt283,1.34430260019958,103.7217171276,mrt
mrt284,1.31260401136518,103.837887180414,mrt
mrt285,1.31208967800796,103.838211803447,mrt
mrt286,1.29971469756448,103.787565456114,mrt
mrt287,1.30419976512829,103.830518564259,mrt
mrt288,1.3028569350093,103.830657104903,mrt
mrt289,1.30229335633798,103.832126575413,mrt
mrt290,1.30415337876273,103.83277034807,mrt
mrt291,1.29538090465663,103.805476932015,mrt
mrt292,1.28936748461912,103.816997605512,mrt
mrt293,1.30456047418196,103.832039800868,mrt
mrt294,1.30025232492516,103.839744499851,mrt
mrt295,1.39795277738643,103.818344052898,mrt
mrt296,1.31879756079149,103.826020649127,mrt
mrt297,1.31946596315831,103.825031699657,mrt
mrt298,1.32668882024017,103.889785899423,mrt
mrt299,1.32585851691862,103.890662826068,mrt
mrt300,1.32515334846447,103.888441983492,mrt
mrt301,1.43280792459597,103.774206739388,mrt
mrt302,1.43246261847249,103.773821235261,mrt
mrt303,1.32725878626358,103.882737801185,mrt
mrt304,1.28103737035779,103.844156803988,mrt
mrt305,1.37302055474101,103.836827838274,mrt
mrt306,1.28948587575624,103.817249373128,mrt
mrt307,1.38582569246607,103.835767959724,mrt
mrt308,1.35339831285364,103.944903957552,mrt
mrt309,1.35586532493403,103.942653448012,mrt
mrt310,1.37402024280924,103.83723673223,mrt
mrt311,1.37155295764189,103.836750273896,mrt
mrt312,1.37123308309389,103.836299092983,mrt
mrt313,1.31998302889772,103.825738247034,mrt
mrt314,1.44917158033027,103.819762177164,mrt
mrt315,1.43659643136072,103.78584424633,mrt
mrt316,1.4367527906259,103.786393694452,mrt
mrt317,1.33516634096411,103.918038975838,mrt
mrt318,1.33417470148156,103.919055366359,mrt
mrt319,1.33445024460198,103.917795887643,mrt
mrt320,1.33635797475902,103.932853678147,mrt
mrt321,1.33859186404458,103.870506498272,mrt
mrt322,1.42910403928029,103.834865759456,mrt
mrt323,1.34223427697715,103.732414798591,mrt
mrt324,1.2932330759348,103.853021562271,mrt
mrt325,1.29286656367858,103.832605562977,mrt
mrt326,1.29603027921362,103.833045201077,mrt
mrt327,1.29653335668464,103.833402514731,mrt
mrt328,1.29318404228583,103.832833227138,mrt
mrt329,1.31927858114204,103.660791651785,mrt
mrt330,1.29310853308826,103.851951129481,mrt
mrt331,1.29133990707454,103.854609475029,mrt
mrt332,1.29172136370719,103.854756044222,mrt
mrt333,1.29192135974199,103.854835837712,mrt
mrt334,1.28938293825434,103.84667577547,mrt
mrt335,1.28901154743968,103.847034118586,mrt
mrt336,1.28920581321735,103.846585433629,mrt
mrt337,1.28689878805873,103.846064544116,mrt
mrt338,1.29845214658074,103.846779253533,mrt
mrt339,1.28940692202889,103.847114861345,mrt
mrt340,1.29906443023527,103.845225625047,mrt
mrt341,1.32156657295526,103.871560444143,mrt
mrt342,1.3211077830288,103.871784960916,mrt
mrt343,1.36314423622709,103.833512902819,mrt
mrt344,1.34936066402056,103.749966157866,mrt
mrt345,1.34842377665438,103.749126361849,mrt
mrt346,1.35906993952012,103.752067334531,mrt
mrt347,1.35869439023656,103.752084995437,mrt
mrt348,1.37901587877478,103.761921007838,mrt
mrt349,1.37877062041355,103.762039889143,mrt
mrt350,1.30734059031479,103.790448798318,mrt
mrt351,1.30690964213241,103.790587853553,mrt
mrt352,1.30630083398837,103.790915022568,mrt
mrt353,1.35634142135844,103.989276642386,mrt
mrt354,1.29993066575923,103.845030131943,mrt
mrt355,1.33400861029635,103.741735118735,mrt
mrt356,1.33253015976675,103.742643110659,mrt
mrt357,1.33532217853623,103.909406099681,mrt
mrt358,1.33481134943921,103.908996040609,mrt
mrt359,1.29842092495326,103.885136319049,mrt
mrt360,1.29431784777384,103.784465461468,mrt
mrt361,1.27211237205243,103.8023606392,mrt
mrt362,1.30656540566283,103.848983594397,mrt
mrt363,1.30690536086997,103.849036656915,mrt
mrt364,1.3074269738977,103.850319624488,mrt
mrt365,1.30768781190551,103.848302041276,mrt
mrt366,1.35143709131033,103.864928562503,mrt
mrt367,1.35173478946581,103.86291944158,mrt
mrt368,1.31232944448484,103.854770359677,mrt
mrt369,1.31352570644987,103.854738296374,mrt
mrt370,1.31246425474744,103.852972884828,mrt
mrt371,1.31227296219859,103.855483509571,mrt
mrt372,1.31189998223569,103.856112976536,mrt
mrt373,1.31175694789451,103.85579501087,mrt
mrt374,1.29280562564187,103.844415088129,mrt
mrt375,1.30017456235547,103.863504714405,mrt
mrt376,1.33281336557443,103.868967364441,mrt
mrt377,1.3310694016854,103.868704125473,mrt
mrt378,1.28363821611899,103.851590024488,mrt
mrt379,1.28364139119613,103.851353214777,mrt
mrt380,1.28321158235027,103.851522595561,mrt
mrt381,1.28526556333044,103.851616679294,mrt
mrt382,1.28237331831554,103.85143567415,mrt
mrt383,1.28264077373025,103.851292722008,mrt
mrt384,1.27761028570468,103.850201958042,mrt
mrt385,1.27786975636086,103.849960669021,mrt
mrt386,1.28264915273703,103.847567264489,mrt
mrt387,1.27073478613149,103.809884576279,mrt
mrt388,1.28576458511212,103.826996837921,mrt
mrt389,1.33237644216693,103.847723804246,mrt
mrt390,1.33327874572406,103.846517405644,mrt
mrt391,1.32075614398621,103.64900720771,mrt
mrt392,1.32115337319655,103.649354280675,mrt
mrt393,1.34053169811089,103.637249681748,mrt
mrt394,1.34043833208804,103.636664841468,mrt
mrt395,1.34187817311632,103.961328545289,mrt
mrt396,1.30561418181496,103.849351642577,mrt
mrt397,1.27745392803543,103.851822269502,mrt
mrt398,1.27696088700122,103.850884032212,mrt
mrt399,1.27758845095655,103.851034193312,mrt
mrt400,1.33077316862752,103.796556228194,mrt
mrt401,1.33153906028287,103.796828207439,mrt
mrt402,1.28636704777458,103.827494927199,mrt
mrt403,1.30463504459829,103.907531217264,mrt
mrt404,1.30421969015333,103.908038102651,mrt
mrt405,1.28145580017529,103.838811764424,mrt
mrt406,1.28231826124553,103.838127238955,mrt
mrt407,1.37288623654736,103.949136940627,mrt
mrt408,1.31825458543132,103.892791663683,mrt
mrt409,1.3183703130837,103.892208157793,mrt
mrt410,1.44905612857319,103.785110659283,mrt
mrt411,1.39765830259716,103.7471891227,mrt
mrt412,1.35722025591941,103.987304579993,mrt
mrt413,1.34244084264959,103.732224636444,mrt
mrt414,1.34210147853728,103.73266879526,mrt
mrt415,1.29350334620272,103.851865545882,mrt
mrt416,1.29090902498709,103.855100997965,mrt
mrt417,1.28781145357585,103.845907275918,mrt
mrt418,1.39809059842676,103.747330414399,mrt
mrt419,1.39727107090262,103.747110207103,mrt
mrt420,1.34169768144374,103.77597845088,mrt
mrt421,1.34159717140785,103.775457793003,mrt
mrt422,1.33999284981842,103.775739691571,mrt
mrt423,1.32795758286753,103.678641427081,mrt
mrt424,1.3327534168613,103.742753602536,mrt
mrt425,1.33357652289466,103.742292350324,mrt
mrt426,1.29756053033682,103.887022403587,mrt
mrt427,1.29244552308834,103.784829341664,mrt
mrt428,1.29398846194953,103.784464941237,mrt
mrt429,1.29321598564228,103.784528751623,mrt
mrt430,1.32253463275713,103.814976905867,mrt
mrt431,1.3226997429185,103.815911233166,mrt
mrt432,1.29686777903405,103.851321219873,mrt
mrt433,1.29753387426602,103.850424728146,mrt
mrt434,1.34956122036242,103.74997014583,mrt
mrt435,1.35906497969606,103.751726614973,mrt
mrt436,1.37863210486195,103.76135235089,mrt
mrt437,1.2996492424497,103.8447478575,mrt
mrt438,1.29974847075059,103.845372294004,mrt
mrt439,1.31139881856925,103.853205164568,mrt
mrt440,1.29241261624443,103.844157466584,mrt
mrt441,1.31122356458793,103.79613442284,mrt
mrt442,1.31107119772803,103.795769657083,mrt
mrt443,1.31071339011209,103.795744343131,mrt
mrt444,1.29966259843937,103.864164402932,mrt
mrt445,1.28167534584159,103.838934837349,mrt
mrt446,1.28037094209663,103.840021210464,mrt
mrt447,1.28021563785071,103.840387961553,mrt
mrt448,1.27906067064024,103.838545773973,mrt
mrt449,1.4150887569786,103.91107971545,mrt
mrt450,1.28254171568272,103.850953576055,mrt
mrt451,1.28501835822623,103.851479167676,mrt
mrt452,1.30362307278619,103.82365038919,mrt
mrt453,1.30246882387243,103.823898210692,mrt
mrt454,1.27894867380476,103.83954949493,mrt
mrt455,1.28105154689657,103.838663749635,mrt
mrt456,1.27600897747748,103.792033824349,mrt
mrt457,1.37284196938311,103.94933342667,mrt
mrt458,1.30633645054391,103.849699817435,mrt
mrt459,1.27384256715528,103.856156894801,mrt
mrt460,1.30581837725896,103.913307623938,mrt
mrt461,1.30657571401111,103.913181933222,mrt
mrt462,1.3074339699274,103.917093434109,mrt
mrt463,1.27719445988297,103.851694867293,mrt
mrt464,1.27545090477088,103.846445088158,mrt
mrt465,1.29821774916408,103.873552420541,mrt
mrt466,1.28189107870781,103.848512874679,mrt
mrt467,1.28250004883814,103.848767031399,mrt
mrt468,1.28227572989613,103.848846121797,mrt
mrt469,1.28276984313509,103.848212131773,mrt
mrt470,1.2761695778026,103.855098979891,mrt
mrt471,1.27537995116654,103.855283220442,mrt
mrt472,1.27473699694694,103.854266062976,mrt
mrt473,1.30020950344773,103.897707048944,mrt
mrt474,1.2760932761144,103.846529873368,mrt
mrt475,1.27606099781138,103.84689166529,mrt
mrt476,1.27737948779783,103.846927579999,mrt
mrt477,1.2777845402832,103.846953147223,mrt
mrt478,1.27639271399593,103.845663818607,mrt
mrt479,1.44778217342648,103.7851355073,mrt
mrt480,1.42748811362716,103.792729941333,mrt
mrt481,1.36946470665767,103.849939000494,mrt
mrt482,1.36943856246777,103.849334379134,mrt
mrt483,1.36988737282392,103.849825701795,mrt
mrt484,1.38496969235412,103.744591903712,mrt
mrt485,1.32532796917374,103.807798268409,mrt
mrt486,1.42583052834963,103.794395983627,mrt
mrt487,1.39700077168041,103.747431893505,mrt
mrt488,1.36967788950155,103.849582687035,mrt
mrt489,1.38542620120991,103.744556001885,mrt
mrt490,1.38575650064862,103.744509334035,mrt
mrt491,1.33554323043496,103.783018890137,mrt
mrt492,1.27067523469027,103.862280576826,mrt
mrt493,1.38165038538878,103.844821034472,mrt
mrt494,1.38154128004957,103.844952857705,mrt
mrt495,1.3819602145119,103.844651533361,mrt
mrt496,1.28055489064088,103.868785539995,mrt
mrt497,1.27880733457734,103.867894202902,mrt
mrt498,1.27818560646086,103.867160549251,mrt
mrt499,1.343584912012,103.888825325106,mrt
mrt500,1.27147920195277,103.863564370201,mrt
mrt501,1.32615357209821,103.807782858593,mrt
mrt502,1.3424454382925,103.880197087117,mrt
mrt503,1.35101889777844,103.850057208608,mrt
mrt504,1.38369417199994,103.893049981318,mrt
mrt505,1.30026468984101,103.855614760658,mrt
mrt506,1.36984601365741,103.764315051619,mrt
mrt507,1.37033472429161,103.892261757937,mrt
mrt508,1.30739187893137,103.862784610013,mrt
mrt509,1.30615406128913,103.883045148696,mrt
mrt510,1.3510482896351,103.871070417199,mrt
mrt511,1.33734722320212,103.839544077561,mrt
mrt512,1.35990191952976,103.884494725197,mrt
mrt513,1.31257031730604,103.838031555215,mrt
mrt514,1.28393326234538,103.851463066212,mrt
mrt515,1.30025287710542,103.839158336848,mrt
mrt516,1.34010520696434,103.846755921048,mrt
mrt517,1.335893496278,103.783235863233,mrt
mrt518,1.35153128621585,103.864812169514,mrt
mrt519,1.27631114381584,103.854604975361,mrt
mrt520,1.28745211415803,103.846119192727,mrt
mrt521,1.28195688684898,103.781988990137,mrt
mrt522,1.33096058134451,103.796969279733,mrt
mrt523,1.36993284962264,103.849558091776,mrt
mrt524,1.2802415328084,103.840052100136,mrt
mrt525,1.36988088877856,103.994191774835,mrt
mrt526,1.34238828254262,103.919832048754,mrt
mrt527,1.25514712965258,103.816688749863,mrt
mrt528,1.28017490165598,103.843825617855,mrt
mrt529,1.34420313829876,103.722472278234,mrt
mrt530,1.27679899954776,103.832424307258,mrt
mrt531,1.42148688307461,103.681301573436,mrt
mrt532,1.24837835077602,103.835293960594,mrt
mrt533,1.4118152823818,103.784973930122,mrt
mrt534,1.26935952152971,103.723199049119,mrt
mrt535,1.25413514928539,103.674054603193,mrt
mrt536,1.29714906185186,103.857351229067,mrt
mrt537,1.28080723912065,103.785351880725,mrt
mrt538,1.42058928253818,103.911258573866,mrt
mrt539,1.41585929657535,103.860388005287,mrt
mrt540,1.25723136693027,103.811419358409,mrt
mrt541,1.38311141824812,103.765777227367,mrt
mrt542,1.33819692362734,103.66330683247,mrt
mrt543,1.3196626182619,103.661318363679,mrt
mrt544,1.38457317668026,103.770887223018,mrt
mrt545,1.39188589234766,103.87630862552,mrt
mrt546,1.30434908677392,103.849908918351,mrt
mrt547,1.38250999967652,103.697475713387,mrt
mrt548,1.46400371727471,103.797935281787,mrt
mrt549,1.43441652165587,103.800890426086,mrt
mrt550,1.37353463401703,103.713608541317,mrt
mrt551,1.2541521366968,103.818780191224,mrt
mrt552,1.32868204339233,103.744668405276,mrt
mrt553,1.37613574334988,103.771261175571,mrt
mrt554,1.37777204259082,103.766645782497,mrt
mrt555,1.36062306789611,103.974993789769,mrt
mrt556,1.39731815581938,103.875635154729,mrt
mrt557,1.33487955343366,103.951353280829,mrt
mrt558,1.33414944334068,103.758794815698,mrt
mrt559,1.27045504095668,103.798530575512,mrt
mrt560,1.26437399964147,103.805364405423,mrt
mrt561,1.46273167538821,103.825018216849,mrt
mrt562,1.43898461931084,103.731638542224,mrt
mrt563,1.40097492298441,103.808531028594,mrt
mrt564,1.29873611213052,103.847976210038,mrt
mrt565,1.37135081284157,103.99170479155,mrt
mrt566,1.3207100356244,103.985791957626,mrt
mrt567,1.32487288388464,103.817098110669,mrt
mrt568,1.27279383658796,103.83793005877,mrt
mrt569,1.29982219661477,103.824677935163,mrt
mrt570,1.37288804245328,103.813029664262,mrt
mrt571,1.37792694616982,103.763102931112,mrt
mrt572,1.43428288207601,103.761983764485,mrt
mrt573,1.27179916703301,103.841115522006,mrt
mrt574,1.34552961619588,103.822309724152,mrt
mrt575,1.29716237857521,103.85713268951,mrt
mrt576,1.3144813137571,103.857185168034,mrt
mrt577,1.28546633858293,103.851764064473,mrt
mrt578,1.44951112051856,103.78865146335,mrt
mrt579,1.3240827139625,103.814182099841,mrt
mrt580,1.31908514678643,103.834808333396,mrt
mrt581,1.30399231690916,103.864419251804,mrt
mrt582,1.3212998771229,103.957033584857,mrt
mrt583,1.39696105815074,103.835140649044,mrt
mrt584,1.30994003280754,103.85689782605,mrt
mrt585,1.30013981944706,103.840687954187,mrt
school0,1.4426347903311,103.800040119743,school
school1,1.43315271543517,103.832942401086,school
school2,1.3605834338904,103.833020333986,school
school3,1.29133439161334,103.824424680531,school
school4,1.39036998654612,103.887165375933,school
school5,1.38426429436736,103.841392081119,school
school6,1.30935041274966,103.840950265464,school
school7,1.31837054523521,103.835609732354,school
school8,1.36360590588314,103.9389409004,school
school9,1.38394936211823,103.773632022975,school
school10,1.32181250780475,103.865404167629,school
school11,1.34284013791617,103.712858381937,school
school12,1.3377498622588,103.766855344779,school
school13,1.32664424544839,103.882227964852,school
school14,1.33118107926966,103.941853465631,school
school15,1.30648535277087,103.911105620496,school
school16,1.275022722964,103.828157564896,school
school17,1.35742952269615,103.864009397373,school
school18,1.37330297140128,103.897575728303,school
school19,1.3314342903894,103.845119426857,school
school20,1.29723259722684,103.814930809739,school
school21,1.37435787970066,103.693644565362,school
school22,1.3002726804131,103.769354697383,school
school23,1.31983805057977,103.919965780434,school
school24,1.37505696315817,103.945289416873,school
school25,1.30100441916733,103.785455606827,school
school26,1.31236867681371,103.850766402965,school
school27,1.32980598760785,103.931710293058,school
school28,1.39284606680477,103.875217666486,school
school29,1.34032299499938,103.855529906182,school
school30,1.33659726465816,103.736089481883,school
school31,1.3858892193692,103.767794469258,school
school32,1.31194344271383,103.902902557195,school
school33,1.31667646178347,103.784296227747,school
school34,1.32175999964553,103.857628468881,school
school35,1.37820062547641,103.894667159512,school
school36,1.35099779872539,103.707593724342,school
school37,1.30509154753048,103.891653229373,school
school38,1.31099674009193,103.888352029067,school
school39,1.32858023873554,103.901306904157,school
school40,1.43383904037059,103.773643013846,school
school41,1.34036676987375,103.840021064426,school
school42,1.33266213599636,103.783382114018,school
school43,1.32455605783219,103.835028842353,school
school44,1.32084749904532,103.807750155296,school
school45,1.31676468028021,104.021764952995,school
school46,1.29964188181021,103.80010216304,school
school47,1.33677864390672,103.855341310212,school
school48,1.33807302121151,103.776250903095,school
school49,1.41741627551251,103.830143209875,school
school50,1.28158126908243,103.846222136637,school
school51,1.3132658326807,103.756629101811,school
school52,1.26995224568504,103.824037317867,school
school53,1.3294042600012,103.806442915912,school
school54,1.33405659580859,103.934317528484,school
school55,1.29610970657652,103.838506457383,school
school56,1.32080725235992,103.827744749548,school
school57,1.32344593287992,103.937878976352,school
school58,1.32425869967174,103.860634248131,school
school59,1.31781476118551,103.845633334522,school
school60,1.30390355715254,103.845955315605,school
school61,1.3504863946694,103.943573098509,school
school62,1.30498489044822,103.899999965407,school
school63,1.33318449829266,103.724354324887,school
school64,1.33104585441349,103.910934011337,school
school65,1.38944145898943,103.766195711835,school
school66,1.38378546546228,103.760273432258,school
school67,1.43495229315857,103.797435733144,school
school68,1.37775890093367,103.741832917421,school
school69,1.37954887512229,103.769313521752,school
